,X,latency,values.getpoints,values.rad,id,block,optimalt,optimalp,time,timesensitivity,indexp
1,1,2533,15.25395944,1.230045684,a,1,2.480030549,15.32124181,2.533,0.052969451,0.995608556
2,2,2513,15.58947079,1.23060524,a,1,2.480030549,15.32124181,2.513,0.032969451,1.017507
3,3,2518,15.50774397,1.223524123,a,1,2.480030549,15.32124181,2.518,0.037969451,1.012172784
4,4,2390,17.07299496,1.232730204,a,1,2.480030549,15.32124181,2.39,-0.090030549,1.114334933
5,5,2396,17.02658515,1.224164031,a,1,2.480030549,15.32124181,2.396,-0.084030549,1.111305817
6,6,2315,17.40409916,1.241895741,a,1,2.480030549,15.32124181,2.315,-0.165030549,1.135945727
7,7,2393,17.05014854,1.212888841,a,1,2.480030549,15.32124181,2.393,-0.087030549,1.112843773
8,8,2385,17.10947103,1.23781029,a,1,2.480030549,15.32124181,2.385,-0.095030549,1.116715684
9,9,2260,-5,1.232472704,a,1,2.480030549,15.32124181,2.26,-0.220030549,-0.326344304
10,10,2510,15.63779804,1.237180094,a,1,2.480030549,15.32124181,2.51,0.029969451,1.020661265
11,11,2390,17.07299496,1.230699207,a,1,2.480030549,15.32124181,2.39,-0.090030549,1.114334933
12,12,2377,17.16364055,1.233281313,a,1,2.480030549,15.32124181,2.377,-0.103030549,1.120251267
13,13,2416,16.85140838,1.228263545,a,1,2.480030549,15.32124181,2.416,-0.064030549,1.099872229
14,14,2347,17.32008168,1.232653798,a,1,2.480030549,15.32124181,2.347,-0.133030549,1.130462001
15,15,2454,16.43493466,1.234121507,a,1,2.480030549,15.32124181,2.454,-0.026030549,1.072689464
16,16,2308,17.41093496,1.232653798,a,1,2.480030549,15.32124181,2.308,-0.172030549,1.136391891
17,17,2529,15.32287075,1.218176721,a,1,2.480030549,15.32124181,2.529,0.048969451,1.000106319
18,18,2248,-5,1.24443751,a,1,2.480030549,15.32124181,2.248,-0.232030549,-0.326344304
19,19,2479,16.10458242,1.233174089,a,1,2.480030549,15.32124181,2.479,-0.001030549,1.051127749
20,20,2358,17.27135721,1.218150529,a,1,2.480030549,15.32124181,2.358,-0.122030549,1.127281811
21,21,2348,17.31606886,1.23132083,a,1,2.480030549,15.32124181,2.348,-0.132030549,1.130200089
22,22,2499,15.81034347,1.229180836,a,1,2.480030549,15.32124181,2.499,0.018969451,1.031923108
23,23,2380,17.14393414,1.229257901,a,1,2.480030549,15.32124181,2.38,-0.100030549,1.118965052
24,24,2468,16.25521595,1.216203376,a,1,2.480030549,15.32124181,2.468,-0.012030549,1.060959428
25,25,2457,16.39757676,1.214245902,a,1,2.480030549,15.32124181,2.457,-0.023030549,1.070251156
26,26,2437,16.63444227,1.23060524,a,1,2.480030549,15.32124181,2.437,-0.043030549,1.085711098
27,27,2402,16.97731978,1.215839197,a,1,2.480030549,15.32124181,2.402,-0.078030549,1.108090323
28,28,2291,-5,1.23132083,a,1,2.480030549,15.32124181,2.291,-0.189030549,-0.326344304
29,29,2134,-5,1.218487602,a,1,2.480030549,15.32124181,2.134,-0.346030549,-0.326344304
30,30,2445,16.54316139,1.217477316,a,1,2.480030549,15.32124181,2.445,-0.035030549,1.079753299
31,31,2517,15.52420645,1.229521018,a,2,2.480030549,15.32124181,2.517,0.036969451,1.013247271
32,32,2515,15.55695617,1.223189467,a,2,2.480030549,15.32124181,2.515,0.034969451,1.015384808
33,33,2344,17.33161844,1.223465,a,2,2.480030549,15.32124181,2.344,-0.136030549,1.131214993
34,34,2491,15.93111825,1.231503712,a,2,2.480030549,15.32124181,2.491,0.010969451,1.039805941
35,35,2457,16.39757676,1.222873739,a,2,2.480030549,15.32124181,2.457,-0.023030549,1.070251156
36,36,2451,16.47165448,1.239295269,a,2,2.480030549,15.32124181,2.451,-0.029030549,1.075086124
37,37,2462,16.33390855,1.223237811,a,2,2.480030549,15.32124181,2.462,-0.018030549,1.066095605
38,38,2354,17.2902401,1.211605841,a,2,2.480030549,15.32124181,2.354,-0.126030549,1.128514275
39,39,2377,17.16364055,1.228263545,a,2,2.480030549,15.32124181,2.377,-0.103030549,1.120251267
40,40,2479,16.10458242,1.229180836,a,2,2.480030549,15.32124181,2.479,-0.001030549,1.051127749
41,41,2384,17.1165251,1.231503712,a,2,2.480030549,15.32124181,2.384,-0.096030549,1.117176095
42,42,2251,-5,1.232537838,a,2,2.480030549,15.32124181,2.251,-0.229030549,-0.326344304
43,43,2477,16.13257439,1.238293499,a,2,2.480030549,15.32124181,2.477,-0.003030549,1.052954753
44,44,2479,16.10458242,1.230865957,a,2,2.480030549,15.32124181,2.479,-0.001030549,1.051127749
45,45,2446,16.53142366,1.228263545,a,2,2.480030549,15.32124181,2.446,-0.034030549,1.078987191
46,46,2362,17.25114841,1.233281313,a,2,2.480030549,15.32124181,2.362,-0.118030549,1.125962805
47,47,2211,-5,1.222326075,a,2,2.480030549,15.32124181,2.211,-0.269030549,-0.326344304
48,48,2490,15.94592978,1.234828721,a,2,2.480030549,15.32124181,2.49,0.009969451,1.040772672
49,49,2423,16.78278483,1.22579415,a,2,2.480030549,15.32124181,2.423,-0.057030549,1.095393248
50,50,2527,15.35699357,1.234618361,a,2,2.480030549,15.32124181,2.527,0.046969451,1.002333477
51,51,2174,-5,1.234828721,a,2,2.480030549,15.32124181,2.174,-0.306030549,-0.326344304
52,52,2478,16.11861164,1.242393986,a,2,2.480030549,15.32124181,2.478,-0.002030549,1.05204342
53,53,2254,-5,1.226916589,a,2,2.480030549,15.32124181,2.254,-0.226030549,-0.326344304
54,54,2481,16.07632532,1.227554711,a,2,2.480030549,15.32124181,2.481,0.000969451,1.049283441
55,55,2500,15.79496441,1.237141573,a,2,2.480030549,15.32124181,2.5,0.019969451,1.030919334
56,56,2477,16.13257439,1.230748568,a,2,2.480030549,15.32124181,2.477,-0.003030549,1.052954753
57,57,2388,17.08782612,1.220425751,a,2,2.480030549,15.32124181,2.388,-0.092030549,1.115302946
58,58,2438,16.62328849,1.228215452,a,2,2.480030549,15.32124181,2.438,-0.042030549,1.084983104
59,59,2313,17.40647653,1.23396071,a,2,2.480030549,15.32124181,2.313,-0.167030549,1.136100895
60,60,2502,15.76402046,1.242743335,a,2,2.480030549,15.32124181,2.502,0.021969451,1.028899658
61,61,2374,17.18261523,1.223658241,a,3,2.480030549,15.32124181,2.374,-0.106030549,1.121489723
62,62,2485,16.01902204,1.221689415,a,3,2.480030549,15.32124181,2.485,0.004969451,1.045543321
63,63,2470,16.22843609,1.227531539,a,3,2.480030549,15.32124181,2.47,-0.010030549,1.059211537
64,64,2287,-5,1.223804153,a,3,2.480030549,15.32124181,2.287,-0.193030549,-0.326344304
65,65,2397,17.01857188,1.227257453,a,3,2.480030549,15.32124181,2.397,-0.083030549,1.1107828
66,66,2487,15.98997902,1.227310066,a,3,2.480030549,15.32124181,2.487,0.006969451,1.043647716
67,67,2428,16.73149042,1.231737248,a,3,2.480030549,15.32124181,2.428,-0.052030549,1.09204532
68,68,2471,16.21494406,1.22754371,a,3,2.480030549,15.32124181,2.471,-0.009030549,1.058330928
69,69,2349,17.31197251,1.227033106,a,3,2.480030549,15.32124181,2.349,-0.131030549,1.129932725
70,70,2478,16.11861164,1.228007902,a,3,2.480030549,15.32124181,2.478,-0.002030549,1.05204342
71,71,2499,15.81034347,1.230045684,a,3,2.480030549,15.32124181,2.499,0.018969451,1.031923108
72,72,2428,16.73149042,1.230268637,a,3,2.480030549,15.32124181,2.428,-0.052030549,1.09204532
73,73,2337,17.35560397,1.222945004,a,3,2.480030549,15.32124181,2.337,-0.143030549,1.132780501
74,74,2259,-5,1.237552026,a,3,2.480030549,15.32124181,2.259,-0.221030549,-0.326344304
75,75,2355,17.28564393,1.214176191,a,3,2.480030549,15.32124181,2.355,-0.125030549,1.128214289
76,76,2267,-5,1.226061315,a,3,2.480030549,15.32124181,2.267,-0.213030549,-0.326344304
77,77,2419,16.82245637,1.223804153,a,3,2.480030549,15.32124181,2.419,-0.061030549,1.097982564
78,78,2431,16.69981146,1.220693323,a,3,2.480030549,15.32124181,2.431,-0.049030549,1.089977671
79,79,2397,17.01857188,1.232287565,a,3,2.480030549,15.32124181,2.397,-0.083030549,1.1107828
80,80,2406,16.94290233,1.219456102,a,3,2.480030549,15.32124181,2.406,-0.074030549,1.105843935
81,81,2515,15.55695617,1.224346178,a,3,2.480030549,15.32124181,2.515,0.034969451,1.015384808
82,82,2480,16.09048691,1.232340883,a,3,2.480030549,15.32124181,2.48,-3.05E-05,1.050207751
83,83,2517,15.52420645,1.227332536,a,3,2.480030549,15.32124181,2.517,0.036969451,1.013247271
84,84,2321,17.39493236,1.225388916,a,3,2.480030549,15.32124181,2.321,-0.159030549,1.13534742
85,85,2401,16.98572791,1.214658384,a,3,2.480030549,15.32124181,2.401,-0.079030549,1.108639112
86,86,2522,15.44131519,1.234658276,a,3,2.480030549,15.32124181,2.522,0.041969451,1.007837053
87,87,2325,17.38712741,1.215350665,a,3,2.480030549,15.32124181,2.325,-0.155030549,1.134838
88,88,2269,-5,1.228035268,a,3,2.480030549,15.32124181,2.269,-0.211030549,-0.326344304
89,89,2479,16.10458242,1.225638677,a,3,2.480030549,15.32124181,2.479,-0.001030549,1.051127749
90,90,2512,15.60563939,1.218176721,a,3,2.480030549,15.32124181,2.512,0.031969451,1.018562306
91,91,2481,16.07632532,1.222812725,b,1,2.498175116,14.83391375,2.481,-0.017175116,1.083754806
92,92,2598,14.02237274,1.220853678,b,1,2.498175116,14.83391375,2.598,0.099824884,0.945291511
93,93,2498,15.8256603,1.229274338,b,1,2.498175116,14.83391375,2.498,-0.000175116,1.066856702
94,94,2222,-5,1.213390533,b,1,2.498175116,14.83391375,2.222,-0.276175116,-0.337065463
95,95,2335,17.36170082,1.216229275,b,1,2.498175116,14.83391375,2.335,-0.163175116,1.170405944
96,96,2270,-5,1.238026935,b,1,2.498175116,14.83391375,2.27,-0.228175116,-0.337065463
97,97,2231,-5,1.225928504,b,1,2.498175116,14.83391375,2.231,-0.267175116,-0.337065463
98,98,2428,16.73149042,1.222353085,b,1,2.498175116,14.83391375,2.428,-0.070175116,1.127921512
99,99,2524,15.40775661,1.2407027,b,1,2.498175116,14.83391375,2.524,0.025824884,1.038684522
100,100,2508,15.66971721,1.226493206,b,1,2.498175116,14.83391375,2.508,0.009824884,1.056344096
101,101,2476,16.14647046,1.230234677,b,1,2.498175116,14.83391375,2.476,-0.022175116,1.088483507
102,102,2273,-5,1.236768081,b,1,2.498175116,14.83391375,2.273,-0.225175116,-0.337065463
103,103,2522,15.44131519,1.256038665,b,1,2.498175116,14.83391375,2.522,0.023824884,1.040946809
104,104,2348,17.31606886,1.220751439,b,1,2.498175116,14.83391375,2.348,-0.150175116,1.167329752
105,105,2499,15.81034347,1.226651625,b,1,2.498175116,14.83391375,2.499,0.000824884,1.065824147
106,106,2182,-5,1.211563336,b,1,2.498175116,14.83391375,2.182,-0.316175116,-0.337065463
107,107,2201,-5,1.23709415,b,1,2.498175116,14.83391375,2.201,-0.297175116,-0.337065463
108,108,2236,-5,1.23970025,b,1,2.498175116,14.83391375,2.236,-0.262175116,-0.337065463
109,109,2463,16.32096575,1.235582694,b,1,2.498175116,14.83391375,2.463,-0.035175116,1.100246774
110,110,2465,16.29487244,1.218979647,b,1,2.498175116,14.83391375,2.465,-0.033175116,1.098487743
111,111,2251,-5,1.223879462,b,1,2.498175116,14.83391375,2.251,-0.247175116,-0.337065463
112,112,2306,17.41212407,1.211248656,b,1,2.498175116,14.83391375,2.306,-0.192175116,1.173805131
113,113,2440,16.60076042,1.230907172,b,1,2.498175116,14.83391375,2.44,-0.058175116,1.119108598
114,114,2490,15.94592978,1.251382217,b,1,2.498175116,14.83391375,2.49,-0.008175116,1.07496444
115,115,2346,17.32401092,1.231110476,b,1,2.498175116,14.83391375,2.346,-0.152175116,1.167865151
116,116,NA,NA,NA,b,1,NA,NA,NA,NA,NA
117,117,2311,17.40851453,1.223879462,b,1,2.498175116,14.83391375,2.311,-0.187175116,1.173561801
118,118,2379,17.15058409,1.240285045,b,1,2.498175116,14.83391375,2.379,-0.119175116,1.156173912
119,119,2346,17.32401092,1.226395925,b,1,2.498175116,14.83391375,2.346,-0.152175116,1.167865151
120,120,2287,-5,1.230748568,b,1,2.498175116,14.83391375,2.287,-0.211175116,-0.337065463
121,121,2507,15.68558644,1.231296157,b,2,2.498175116,14.83391375,2.507,0.008824884,1.05741389
122,122,2385,17.10947103,1.236211005,b,2,2.498175116,14.83391375,2.385,-0.113175116,1.153402353
123,123,2295,-5,1.217426144,b,2,2.498175116,14.83391375,2.295,-0.203175116,-0.337065463
124,124,2266,-5,1.219575849,b,2,2.498175116,14.83391375,2.266,-0.232175116,-0.337065463
125,125,2496,15.85610645,1.21112027,b,2,2.498175116,14.83391375,2.496,-0.002175116,1.068909171
126,126,2417,16.84183434,1.235316658,b,2,2.498175116,14.83391375,2.417,-0.081175116,1.135360136
127,127,2334,17.36462299,1.232537838,b,2,2.498175116,14.83391375,2.334,-0.164175116,1.170602936
128,128,2260,-5,1.213991063,b,2,2.498175116,14.83391375,2.26,-0.238175116,-0.337065463
129,129,2256,-5,1.229485552,b,2,2.498175116,14.83391375,2.256,-0.242175116,-0.337065463
130,130,2419,16.82245637,1.24305782,b,2,2.498175116,14.83391375,2.419,-0.079175116,1.134053808
131,131,2348,17.31606886,1.240406678,b,2,2.498175116,14.83391375,2.348,-0.150175116,1.167329752
132,132,2440,16.60076042,1.240498972,b,2,2.498175116,14.83391375,2.44,-0.058175116,1.119108598
133,133,2234,-5,1.23562376,b,2,2.498175116,14.83391375,2.234,-0.264175116,-0.337065463
134,134,2502,15.76402046,1.222326075,b,2,2.498175116,14.83391375,2.502,0.003824884,1.06270137
135,135,2499,15.81034347,1.226395925,b,2,2.498175116,14.83391375,2.499,0.000824884,1.065824147
136,136,2279,-5,1.225744905,b,2,2.498175116,14.83391375,2.279,-0.219175116,-0.337065463
137,137,2308,17.41093496,1.225495523,b,2,2.498175116,14.83391375,2.308,-0.190175116,1.173724969
138,138,2360,17.26141826,1.218443084,b,2,2.498175116,14.83391375,2.36,-0.138175116,1.163645586
139,139,2295,-5,1.210020043,b,2,2.498175116,14.83391375,2.295,-0.203175116,-0.337065463
140,140,2382,17.13039127,1.218538808,b,2,2.498175116,14.83391375,2.382,-0.116175116,1.154812652
141,141,2486,16.00453298,1.245640564,b,2,2.498175116,14.83391375,2.486,-0.012175116,1.078915062
142,142,2513,15.58947079,1.241920002,b,2,2.498175116,14.83391375,2.513,0.014824884,1.050934437
143,143,2263,-5,1.236503671,b,2,2.498175116,14.83391375,2.263,-0.235175116,-0.337065463
144,144,2379,17.15058409,1.236783288,b,2,2.498175116,14.83391375,2.379,-0.119175116,1.156173912
145,145,2497,15.8409147,1.221403046,b,2,2.498175116,14.83391375,2.497,-0.001175116,1.067885048
146,146,2192,-5,1.238945106,b,2,2.498175116,14.83391375,2.192,-0.306175116,-0.337065463
147,147,2504,15.73283014,1.222338999,b,2,2.498175116,14.83391375,2.504,0.005824884,1.060598734
148,148,2509,15.65378767,1.232062267,b,2,2.498175116,14.83391375,2.509,0.010824884,1.055270236
149,149,2342,17.33889097,1.236998163,b,2,2.498175116,14.83391375,2.342,-0.156175116,1.168868261
150,150,2369,17.21260692,1.242003635,b,2,2.498175116,14.83391375,2.369,-0.129175116,1.160355063
151,151,2515,15.55695617,1.226149011,b,3,2.498175116,14.83391375,2.515,0.016824884,1.048742526
152,152,2481,16.07632532,1.240498972,b,3,2.498175116,14.83391375,2.481,-0.017175116,1.083754806
153,153,2148,-5,1.246833387,b,3,2.498175116,14.83391375,2.148,-0.350175116,-0.337065463
154,154,2254,-5,1.229397646,b,3,2.498175116,14.83391375,2.254,-0.244175116,-0.337065463
155,155,2549,14.96971089,1.207912146,b,3,2.498175116,14.83391375,2.549,0.050824884,1.009154505
156,156,2479,16.10458242,1.239602192,b,3,2.498175116,14.83391375,2.479,-0.019175116,1.085659705
157,157,2450,16.48375182,1.249045772,b,3,2.498175116,14.83391375,2.45,-0.048175116,1.111220686
158,158,2352,17.29918295,1.232730204,b,3,2.498175116,14.83391375,2.352,-0.146175116,1.166191421
159,159,2458,16.38498315,1.220413981,b,3,2.498175116,14.83391375,2.458,-0.040175116,1.104562385
160,160,2353,17.29475313,1.227310066,b,3,2.498175116,14.83391375,2.353,-0.145175116,1.165892793
161,161,2423,16.78278483,1.244640515,b,3,2.498175116,14.83391375,2.423,-0.075175116,1.131379426
162,162,2435,16.65652853,1.2412595,b,3,2.498175116,14.83391375,2.435,-0.063175116,1.122868099
163,163,2326,17.38496471,1.224442237,b,3,2.498175116,14.83391375,2.326,-0.172175116,1.171974234
164,164,2511,15.62174854,1.224714292,b,3,2.498175116,14.83391375,2.511,0.012824884,1.05311038
165,165,2334,17.36462299,1.235316658,b,3,2.498175116,14.83391375,2.334,-0.164175116,1.170602936
166,166,2510,15.63779804,1.225240746,b,3,2.498175116,14.83391375,2.51,0.011824884,1.054192326
167,167,2322,17.39310807,1.245716151,b,3,2.498175116,14.83391375,2.322,-0.176175116,1.172523203
168,168,2349,17.31197251,1.22754371,b,3,2.498175116,14.83391375,2.349,-0.149175116,1.167053604
169,169,2500,15.79496441,1.219906041,b,3,2.498175116,14.83391375,2.5,0.001824884,1.064787397
170,170,2486,16.00453298,1.225896656,b,3,2.498175116,14.83391375,2.486,-0.012175116,1.078915062
171,171,2495,15.87123534,1.234433034,b,3,2.498175116,14.83391375,2.495,-0.003175116,1.069929056
172,172,2505,15.71714312,1.221428487,b,3,2.498175116,14.83391375,2.505,0.006824884,1.059541223
173,173,2220,-5,1.246703856,b,3,2.498175116,14.83391375,2.22,-0.278175116,-0.337065463
174,174,2364,17.24054827,1.241428945,b,3,2.498175116,14.83391375,2.364,-0.134175116,1.162238676
175,175,2183,-5,1.246783333,b,3,2.498175116,14.83391375,2.183,-0.315175116,-0.337065463
176,176,2493,15.90130374,1.234278913,b,3,2.498175116,14.83391375,2.493,-0.005175116,1.07195606
177,177,2462,16.33390855,1.223465,b,3,2.498175116,14.83391375,2.462,-0.036175116,1.101119288
178,178,2482,16.06209784,1.245788455,b,3,2.498175116,14.83391375,2.482,-0.016175116,1.082795688
179,179,2292,-5,1.239913606,b,3,2.498175116,14.83391375,2.292,-0.206175116,-0.337065463
180,180,2343,17.33529661,1.2412595,b,3,2.498175116,14.83391375,2.343,-0.155175116,1.168625954
181,181,2425,16.76249354,1.222785394,c,1,2.499811046,14.78726646,2.425,-0.074811046,1.133576215
182,182,2265,-5,1.234121507,c,1,2.499811046,14.78726646,2.265,-0.234811046,-0.338128755
183,183,2502,15.76402046,1.230104867,c,1,2.499811046,14.78726646,2.502,0.002188954,1.066053723
184,184,2503,15.74845599,1.238407876,c,1,2.499811046,14.78726646,2.503,0.003188954,1.065001164
185,185,2117,-5,1.232098243,c,1,2.499811046,14.78726646,2.117,-0.382811046,-0.338128755
186,186,2485,16.01902204,1.228007902,c,1,2.499811046,14.78726646,2.485,-0.014811046,1.083298396
187,187,2361,17.25632466,1.217093181,c,1,2.499811046,14.78726646,2.361,-0.138811046,1.166971915
188,188,2419,16.82245637,1.226149011,c,1,2.499811046,14.78726646,2.419,-0.080811046,1.137631246
189,189,2463,16.32096575,1.231134095,c,1,2.499811046,14.78726646,2.463,-0.036811046,1.103717566
190,190,2286,-5,1.222945004,c,1,2.499811046,14.78726646,2.286,-0.213811046,-0.338128755
191,191,2309,17.41021304,1.214019672,c,1,2.499811046,14.78726646,2.309,-0.190811046,1.177378732
192,192,2365,17.23512452,1.217805939,c,1,2.499811046,14.78726646,2.365,-0.134811046,1.16553824
193,193,2279,-5,1.222326075,c,1,2.499811046,14.78726646,2.279,-0.220811046,-0.338128755
194,194,2286,-5,1.230020584,c,1,2.499811046,14.78726646,2.286,-0.213811046,-0.338128755
195,195,2514,15.57324298,1.243197886,c,1,2.499811046,14.78726646,2.514,0.014188954,1.053152252
196,196,2522,15.44131519,1.231503712,c,1,2.499811046,14.78726646,2.522,0.022188954,1.044230537
197,197,2400,16.9940573,1.22358831,c,1,2.499811046,14.78726646,2.4,-0.099811046,1.149235888
198,198,2192,-5,1.230642942,c,1,2.499811046,14.78726646,2.192,-0.307811046,-0.338128755
199,199,2408,16.92522438,1.220629651,c,1,2.499811046,14.78726646,2.408,-0.091811046,1.14458101
200,200,2496,15.85610645,1.220482115,c,1,2.499811046,14.78726646,2.496,-0.003811046,1.072281107
201,201,2512,15.60563939,1.222025323,c,1,2.499811046,14.78726646,2.512,0.012188954,1.055343084
202,202,2152,-5,1.240393331,c,1,2.499811046,14.78726646,2.152,-0.347811046,-0.338128755
203,203,2535,15.21917463,1.223524123,c,1,2.499811046,14.78726646,2.535,0.035188954,1.029208114
204,204,2473,16.18775674,1.226775129,c,1,2.499811046,14.78726646,2.473,-0.026811046,1.094709207
205,205,2515,15.55695617,1.215683619,c,1,2.499811046,14.78726646,2.515,0.015188954,1.052050845
206,206,2318,17.39989711,1.229257901,c,1,2.499811046,14.78726646,2.318,-0.181811046,1.17668111
207,207,2272,-5,1.229343888,c,1,2.499811046,14.78726646,2.272,-0.227811046,-0.338128755
208,208,2389,17.08045059,1.211592569,c,1,2.499811046,14.78726646,2.389,-0.110811046,1.155078299
209,209,2322,17.39310807,1.233933573,c,1,2.499811046,14.78726646,2.322,-0.177811046,1.176221996
210,210,2433,16.67831867,1.223734723,c,1,2.499811046,14.78726646,2.433,-0.066811046,1.127883826
211,211,2315,17.40409916,1.239589789,c,2,2.499811046,14.78726646,2.315,-0.184811046,1.176965277
212,212,2227,-5,1.229817373,c,2,2.499811046,14.78726646,2.227,-0.272811046,-0.338128755
213,213,2280,-5,1.213527721,c,2,2.499811046,14.78726646,2.28,-0.219811046,-0.338128755
214,214,2465,16.29487244,1.234889704,c,2,2.499811046,14.78726646,2.465,-0.034811046,1.101952987
215,215,2258,-5,1.217209399,c,2,2.499811046,14.78726646,2.258,-0.241811046,-0.338128755
216,216,2207,-5,1.206518238,c,2,2.499811046,14.78726646,2.207,-0.292811046,-0.338128755
217,217,2531,15.28852542,1.233628492,c,2,2.499811046,14.78726646,2.531,0.031188954,1.033898014
218,218,2498,15.8256603,1.227517998,c,2,2.499811046,14.78726646,2.498,-0.001811046,1.070222163
219,219,2468,16.25521595,1.220482115,c,2,2.499811046,14.78726646,2.468,-0.031811046,1.099271187
220,220,2427,16.74190009,1.228238261,c,2,2.499811046,14.78726646,2.427,-0.072811046,1.132183567
221,221,2485,16.01902204,1.222620207,c,2,2.499811046,14.78726646,2.485,-0.014811046,1.083298396
222,222,2264,-5,1.224442237,c,2,2.499811046,14.78726646,2.264,-0.235811046,-0.338128755
223,223,2338,17.35242938,1.227285176,c,2,2.499811046,14.78726646,2.338,-0.161811046,1.173471069
224,224,2388,17.08782612,1.22873254,c,2,2.499811046,14.78726646,2.388,-0.111811046,1.155577075
225,225,2404,16.96026779,1.232098243,c,2,2.499811046,14.78726646,2.404,-0.095811046,1.146950847
226,226,2315,17.40409916,1.228035268,c,2,2.499811046,14.78726646,2.315,-0.184811046,1.176965277
227,227,2509,15.65378767,1.224257462,c,2,2.499811046,14.78726646,2.509,0.009188954,1.058599148
228,228,2322,17.39310807,1.250291102,c,2,2.499811046,14.78726646,2.322,-0.177811046,1.176221996
229,229,2261,-5,1.225374884,c,2,2.499811046,14.78726646,2.261,-0.238811046,-0.338128755
230,230,2518,15.50774397,1.233456835,c,2,2.499811046,14.78726646,2.518,0.018188954,1.048722833
231,231,2464,16.30795365,1.223734723,c,2,2.499811046,14.78726646,2.464,-0.035811046,1.102837613
232,232,2394,17.04237359,1.228430137,c,2,2.499811046,14.78726646,2.394,-0.105811046,1.152503313
233,233,2501,15.77952334,1.206493798,c,2,2.499811046,14.78726646,2.501,0.001188954,1.067102117
234,234,2403,16.96883303,1.21663817,c,2,2.499811046,14.78726646,2.403,-0.096811046,1.147530078
235,235,2511,15.62174854,1.239943293,c,2,2.499811046,14.78726646,2.511,0.011188954,1.056432477
236,236,2325,17.38712741,1.222645478,c,2,2.499811046,14.78726646,2.325,-0.174811046,1.175817549
237,237,2288,-5,1.239360845,c,2,2.499811046,14.78726646,2.288,-0.211811046,-0.338128755
238,238,2486,16.00453298,1.235582694,c,2,2.499811046,14.78726646,2.486,-0.013811046,1.082318563
239,239,2335,17.36170082,1.222025323,c,2,2.499811046,14.78726646,2.335,-0.164811046,1.174098057
240,240,2371,17.20085569,1.228035268,c,2,2.499811046,14.78726646,2.371,-0.128811046,1.163220784
241,241,2328,17.38038574,1.236225962,c,3,2.499811046,14.78726646,2.328,-0.171811046,1.175361639
242,242,2011,-5,1.249045772,c,3,2.499811046,14.78726646,2.011,-0.488811046,-0.338128755
243,243,2344,17.33161844,1.220751439,c,3,2.499811046,14.78726646,2.344,-0.155811046,1.172063714
244,244,2482,16.06209784,1.230045684,c,3,2.499811046,14.78726646,2.482,-0.017811046,1.08621143
245,245,2428,16.73149042,1.238868007,c,3,2.499811046,14.78726646,2.428,-0.071811046,1.131479605
246,246,2327,17.38271747,1.232287565,c,3,2.499811046,14.78726646,2.327,-0.172811046,1.175519324
247,247,2327,17.38271747,1.232537838,c,3,2.499811046,14.78726646,2.327,-0.172811046,1.175519324
248,248,2347,17.32008168,1.220152082,c,3,2.499811046,14.78726646,2.347,-0.152811046,1.171283531
249,249,2515,15.55695617,1.233948197,c,3,2.499811046,14.78726646,2.515,0.015188954,1.052050845
250,250,2439,16.61206115,1.238110607,c,3,2.499811046,14.78726646,2.439,-0.060811046,1.123403111
251,251,2535,15.21917463,1.253853428,c,3,2.499811046,14.78726646,2.535,0.035188954,1.029208114
252,252,2282,-5,1.23170647,c,3,2.499811046,14.78726646,2.282,-0.217811046,-0.338128755
253,253,2506,15.70139515,1.230486419,c,3,2.499811046,14.78726646,2.506,0.006188954,1.061818639
254,254,2462,16.33390855,1.239188479,c,3,2.499811046,14.78726646,2.462,-0.037811046,1.104592833
255,255,2455,16.42255269,1.241564615,c,3,2.499811046,14.78726646,2.455,-0.044811046,1.110587459
256,256,2453,16.44724573,1.230907172,c,3,2.499811046,14.78726646,2.453,-0.046811046,1.112257345
257,257,2384,17.1165251,1.229440442,c,3,2.499811046,14.78726646,2.384,-0.115811046,1.157517865
258,258,2314,17.40533026,1.228542012,c,3,2.499811046,14.78726646,2.314,-0.185811046,1.177048531
259,259,2526,15.37397097,1.236700721,c,3,2.499811046,14.78726646,2.526,0.026188954,1.039676333
260,260,2573,14.51920182,1.233403246,c,3,2.499811046,14.78726646,2.573,0.073188954,0.981871927
261,261,2399,17.00230784,1.21334666,c,3,2.499811046,14.78726646,2.399,-0.100811046,1.149793837
262,262,2362,17.25114841,1.230138126,c,3,2.499811046,14.78726646,2.362,-0.137811046,1.166621867
263,263,2457,16.39757676,1.226240603,c,3,2.499811046,14.78726646,2.457,-0.042811046,1.108898443
264,264,2402,16.97731978,1.22367051,c,3,2.499811046,14.78726646,2.402,-0.097811046,1.148104001
265,265,2448,16.50773159,1.231720773,c,3,2.499811046,14.78726646,2.448,-0.051811046,1.116347747
266,266,2518,15.50774397,1.236998163,c,3,2.499811046,14.78726646,2.518,0.018188954,1.048722833
267,267,2496,15.85610645,1.222025323,c,3,2.499811046,14.78726646,2.496,-0.003811046,1.072281107
268,268,2369,17.21260692,1.221704193,c,3,2.499811046,14.78726646,2.369,-0.130811046,1.16401547
269,269,2341,17.34240148,1.222353085,c,3,2.499811046,14.78726646,2.341,-0.158811046,1.172792925
270,270,2496,15.85610645,1.230699207,c,3,2.499811046,14.78726646,2.496,-0.003811046,1.072281107
271,271,2078,-5,1.226072792,d,1,2.525495795,13.99718244,2.078,-0.447495795,-0.357214748
272,272,2235,-5,1.222519516,d,1,2.525495795,13.99718244,2.235,-0.290495795,-0.357214748
273,273,2310,17.40940623,1.219468601,d,1,2.525495795,13.99718244,2.31,-0.215495795,1.243779332
274,274,2342,17.33889097,1.211201933,d,1,2.525495795,13.99718244,2.342,-0.183495795,1.238741514
275,275,2428,16.73149042,1.232001968,d,1,2.525495795,13.99718244,2.428,-0.097495795,1.195347027
276,276,2354,17.2902401,1.197461141,d,1,2.525495795,13.99718244,2.354,-0.171495795,1.235265753
277,277,2343,17.33529661,1.227226386,d,1,2.525495795,13.99718244,2.343,-0.182495795,1.238484723
278,278,2451,16.47165448,1.232817484,d,1,2.525495795,13.99718244,2.451,-0.074495795,1.176783581
279,279,2349,17.31197251,1.230414388,d,1,2.525495795,13.99718244,2.349,-0.176495795,1.23681838
280,280,2244,-5,1.208145195,d,1,2.525495795,13.99718244,2.244,-0.281495795,-0.357214748
281,281,2319,17.39832691,1.210131002,d,1,2.525495795,13.99718244,2.319,-0.206495795,1.242987793
282,282,2491,15.93111825,1.230045684,d,1,2.525495795,13.99718244,2.491,-0.034495795,1.138166079
283,283,2307,17.41157198,1.21763682,d,1,2.525495795,13.99718244,2.307,-0.218495795,1.24393406
284,284,2411,16.8981238,1.199278472,d,1,2.525495795,13.99718244,2.411,-0.114495795,1.207251807
285,285,2351,17.3035295,1.225877013,d,1,2.525495795,13.99718244,2.351,-0.174495795,1.236215186
286,286,2232,-5,1.214880461,d,1,2.525495795,13.99718244,2.232,-0.293495795,-0.357214748
287,287,2269,-5,1.234304825,d,1,2.525495795,13.99718244,2.269,-0.256495795,-0.357214748
288,288,2415,16.86090562,1.201934256,d,1,2.525495795,13.99718244,2.415,-0.110495795,1.204592831
289,289,2453,16.44724573,1.220413981,d,1,2.525495795,13.99718244,2.453,-0.072495795,1.175039748
290,290,2135,-5,1.197299181,d,1,2.525495795,13.99718244,2.135,-0.390495795,-0.357214748
291,291,2377,17.16364055,1.213487644,d,1,2.525495795,13.99718244,2.377,-0.148495795,1.226221107
292,292,2199,-5,1.228914264,d,1,2.525495795,13.99718244,2.199,-0.326495795,-0.357214748
293,293,2337,17.35560397,1.237873053,d,1,2.525495795,13.99718244,2.337,-0.188495795,1.23993554
294,294,2183,-5,1.21976544,d,1,2.525495795,13.99718244,2.183,-0.342495795,-0.357214748
295,295,2343,17.33529661,1.23476103,d,1,2.525495795,13.99718244,2.343,-0.182495795,1.238484723
296,296,2491,15.93111825,1.219081991,d,1,2.525495795,13.99718244,2.491,-0.034495795,1.138166079
297,297,1938,-5,1.212526157,d,1,2.525495795,13.99718244,1.938,-0.587495795,-0.357214748
298,298,2476,16.14647046,1.226149011,d,1,2.525495795,13.99718244,2.476,-0.049495795,1.153551476
299,299,2268,-5,1.218016598,d,1,2.525495795,13.99718244,2.268,-0.257495795,-0.357214748
300,300,2092,-5,1.227033106,d,1,2.525495795,13.99718244,2.092,-0.433495795,-0.357214748
301,301,2163,-5,1.227388509,d,2,2.525495795,13.99718244,2.163,-0.362495795,-0.357214748
302,302,2565,14.67242462,1.226149011,d,2,2.525495795,13.99718244,2.565,0.039504205,1.048241293
303,303,2308,17.41093496,1.220751439,d,2,2.525495795,13.99718244,2.308,-0.217495795,1.243888549
304,304,2222,-5,1.234121507,d,2,2.525495795,13.99718244,2.222,-0.303495795,-0.357214748
305,305,2444,16.5548267,1.21069528,d,2,2.525495795,13.99718244,2.444,-0.081495795,1.18272565
306,306,2431,16.69981146,1.234962197,d,2,2.525495795,13.99718244,2.431,-0.094495795,1.193083789
307,307,2209,-5,1.203007865,d,2,2.525495795,13.99718244,2.209,-0.316495795,-0.357214748
308,308,2369,17.21260692,1.227772386,d,2,2.525495795,13.99718244,2.369,-0.156495795,1.229719409
309,309,2475,16.16029968,1.222812725,d,2,2.525495795,13.99718244,2.475,-0.050495795,1.154539476
310,310,2000,-5,1.209067085,d,2,2.525495795,13.99718244,2,-0.525495795,-0.357214748
311,311,2288,-5,1.238464157,d,2,2.525495795,13.99718244,2.288,-0.237495795,-0.357214748
312,312,2306,17.41212407,1.206430598,d,2,2.525495795,13.99718244,2.306,-0.219495795,1.243973503
313,313,2482,16.06209784,1.228399739,d,2,2.525495795,13.99718244,2.482,-0.043495795,1.147523647
314,314,2253,-5,1.232472704,d,2,2.525495795,13.99718244,2.253,-0.272495795,-0.357214748
315,315,2379,17.15058409,1.221655364,d,2,2.525495795,13.99718244,2.379,-0.146495795,1.225288315
316,316,2199,-5,1.212025657,d,2,2.525495795,13.99718244,2.199,-0.326495795,-0.357214748
317,317,2323,17.39119912,1.213662316,d,2,2.525495795,13.99718244,2.323,-0.202495795,1.242478563
318,318,2494,15.88630118,1.231263789,d,2,2.525495795,13.99718244,2.494,-0.031495795,1.134964215
319,319,2470,16.22843609,1.239310336,d,2,2.525495795,13.99718244,2.47,-0.055495795,1.159407342
320,320,2415,16.86090562,1.215925358,d,2,2.525495795,13.99718244,2.415,-0.110495795,1.204592831
321,321,2383,17.12349854,1.228991155,d,2,2.525495795,13.99718244,2.383,-0.142495795,1.223353244
322,322,2290,-5,1.22016797,d,2,2.525495795,13.99718244,2.29,-0.235495795,-0.357214748
323,323,2479,16.10458242,1.264917455,d,2,2.525495795,13.99718244,2.479,-0.046495795,1.150558871
324,324,2516,15.54061059,1.217394077,d,2,2.525495795,13.99718244,2.516,-0.009495795,1.11026706
325,325,2288,-5,1.227033106,d,2,2.525495795,13.99718244,2.288,-0.237495795,-0.357214748
326,326,2439,16.61206115,1.227772386,d,2,2.525495795,13.99718244,2.439,-0.086495795,1.186814648
327,327,2398,17.01047941,1.244766198,d,2,2.525495795,13.99718244,2.398,-0.127495795,1.215278824
328,328,2340,17.34582809,1.220884205,d,2,2.525495795,13.99718244,2.34,-0.185495795,1.239237122
329,329,2448,16.50773159,1.226149011,d,2,2.525495795,13.99718244,2.448,-0.077495795,1.179361036
330,330,2386,17.10233644,1.228786328,d,2,2.525495795,13.99718244,2.386,-0.139495795,1.221841361
331,331,2073,-5,1.225744905,d,3,2.525495795,13.99718244,2.073,-0.452495795,-0.357214748
332,332,2108,-5,1.232340883,d,3,2.525495795,13.99718244,2.108,-0.417495795,-0.357214748
333,333,2241,-5,1.22958351,d,3,2.525495795,13.99718244,2.241,-0.284495795,-0.357214748
334,334,2400,16.9940573,1.210941058,d,3,2.525495795,13.99718244,2.4,-0.125495795,1.21410558
335,335,2437,16.63444227,1.230077858,d,3,2.525495795,13.99718244,2.437,-0.088495795,1.188413621
336,336,2362,17.25114841,1.232555513,d,3,2.525495795,13.99718244,2.362,-0.163495795,1.232472927
337,337,2193,-5,1.242243156,d,3,2.525495795,13.99718244,2.193,-0.332495795,-0.357214748
338,338,2452,16.45948573,1.207972994,d,3,2.525495795,13.99718244,2.452,-0.073495795,1.17591421
339,339,2457,16.39757676,1.220940725,d,3,2.525495795,13.99718244,2.457,-0.068495795,1.17149125
340,340,2492,15.91624284,1.225406227,d,3,2.525495795,13.99718244,2.492,-0.033495795,1.137103335
341,341,2192,-5,1.235888637,d,3,2.525495795,13.99718244,2.192,-0.333495795,-0.357214748
342,342,2245,-5,1.229274338,d,3,2.525495795,13.99718244,2.245,-0.280495795,-0.357214748
343,343,2474,16.17406183,1.231017213,d,3,2.525495795,13.99718244,2.474,-0.051495795,1.155522685
344,344,2431,16.69981146,1.21637766,d,3,2.525495795,13.99718244,2.431,-0.094495795,1.193083789
345,345,2421,16.80277283,1.218892501,d,3,2.525495795,13.99718244,2.421,-0.104495795,1.200439653
346,346,2484,16.033446,1.219604858,d,3,2.525495795,13.99718244,2.484,-0.041495795,1.145476675
347,347,2224,-5,1.231503712,d,3,2.525495795,13.99718244,2.224,-0.301495795,-0.357214748
348,348,2231,-5,1.217805939,d,3,2.525495795,13.99718244,2.231,-0.294495795,-0.357214748
349,349,2437,16.63444227,1.233281313,d,3,2.525495795,13.99718244,2.437,-0.088495795,1.188413621
350,350,2267,-5,1.215501313,d,3,2.525495795,13.99718244,2.267,-0.258495795,-0.357214748
351,351,2349,17.31197251,1.233131997,d,3,2.525495795,13.99718244,2.349,-0.176495795,1.23681838
352,352,2485,16.01902204,1.219876329,d,3,2.525495795,13.99718244,2.485,-0.040495795,1.144446185
353,353,2277,-5,1.217394077,d,3,2.525495795,13.99718244,2.277,-0.248495795,-0.357214748
354,354,2401,16.98572791,1.21976544,d,3,2.525495795,13.99718244,2.401,-0.124495795,1.213510503
355,355,2422,16.79281682,1.236423722,d,3,2.525495795,13.99718244,2.422,-0.103495795,1.199728366
356,356,2562,14.72911354,1.219604858,d,3,2.525495795,13.99718244,2.562,0.036504205,1.052291317
357,357,2525,15.39089206,1.218487602,d,3,2.525495795,13.99718244,2.525,-0.000495795,1.099570726
358,358,2345,17.32785653,1.220940725,d,3,2.525495795,13.99718244,2.345,-0.180495795,1.237953181
359,359,2348,17.31606886,1.216971215,d,3,2.525495795,13.99718244,2.348,-0.177495795,1.237111035
360,360,2272,-5,1.20513261,d,3,2.525495795,13.99718244,2.272,-0.253495795,-0.357214748
361,361,2325,17.38712741,1.228194773,e,1,2.530920331,13.81679648,2.325,-0.205920331,1.258405118
362,362,2425,16.76249354,1.222326075,e,1,2.530920331,13.81679648,2.425,-0.105920331,1.213196819
363,363,2197,-5,1.212916922,e,1,2.530920331,13.81679648,2.197,-0.333920331,-0.361878385
364,364,2551,14.933243,1.223465,e,1,2.530920331,13.81679648,2.551,0.020079669,1.080803573
365,365,2410,16.90723498,1.240849235,e,1,2.530920331,13.81679648,2.41,-0.120920331,1.223672579
366,366,2271,-5,1.227502845,e,1,2.530920331,13.81679648,2.271,-0.259920331,-0.361878385
367,367,2429,16.72100566,1.21883158,e,1,2.530920331,13.81679648,2.429,-0.101920331,1.210194106
368,368,2313,17.40647653,1.225520701,e,1,2.530920331,13.81679648,2.313,-0.217920331,1.259805524
369,369,2363,17.24588959,1.216229275,e,1,2.530920331,13.81679648,2.363,-0.167920331,1.248182936
370,370,2408,16.92522438,1.226240603,e,1,2.530920331,13.81679648,2.408,-0.122920331,1.224974574
371,371,2320,17.39667198,1.219114594,e,1,2.530920331,13.81679648,2.32,-0.210920331,1.259095913
372,372,2276,-5,1.222025323,e,1,2.530920331,13.81679648,2.276,-0.254920331,-0.361878385
373,373,2090,-5,1.22643656,e,1,2.530920331,13.81679648,2.09,-0.440920331,-0.361878385
374,374,2429,16.72100566,1.211149233,e,1,2.530920331,13.81679648,2.429,-0.101920331,1.210194106
375,375,2112,-5,1.227772386,e,1,2.530920331,13.81679648,2.112,-0.418920331,-0.361878385
376,376,2523,15.4245644,1.226942741,e,1,2.530920331,13.81679648,2.523,-0.007920331,1.116363292
377,377,2361,17.25632466,1.226045769,e,1,2.530920331,13.81679648,2.361,-0.169920331,1.248938181
378,378,2151,-5,1.220940725,e,1,2.530920331,13.81679648,2.151,-0.379920331,-0.361878385
379,379,2501,15.77952334,1.227772386,e,1,2.530920331,13.81679648,2.501,-0.029920331,1.142053685
380,380,2315,17.40409916,1.224257462,e,1,2.530920331,13.81679648,2.315,-0.215920331,1.25963346
381,381,2190,-5,1.223555544,e,1,2.530920331,13.81679648,2.19,-0.340920331,-0.361878385
382,382,2544,15.05998504,1.216971215,e,1,2.530920331,13.81679648,2.544,0.013079669,1.089976614
383,383,2100,-5,1.226045769,e,1,2.530920331,13.81679648,2.1,-0.430920331,-0.361878385
384,384,2353,17.29475313,1.219140161,e,1,2.530920331,13.81679648,2.353,-0.177920331,1.251719467
385,385,2286,-5,1.217356096,e,1,2.530920331,13.81679648,2.286,-0.244920331,-0.361878385
386,386,2497,15.8409147,1.223410364,e,1,2.530920331,13.81679648,2.497,-0.033920331,1.146496927
387,387,2496,15.85610645,1.224921767,e,1,2.530920331,13.81679648,2.496,-0.034920331,1.14759644
388,388,2312,17.40753796,1.225730382,e,1,2.530920331,13.81679648,2.312,-0.218920331,1.259882346
389,389,2158,-5,1.217037004,e,1,2.530920331,13.81679648,2.158,-0.372920331,-0.361878385
390,390,2195,-5,1.21883158,e,1,2.530920331,13.81679648,2.195,-0.335920331,-0.361878385
391,391,2364,17.24054827,1.223237811,e,2,2.530920331,13.81679648,2.364,-0.166920331,1.247796354
392,392,2310,17.40940623,1.226716978,e,2,2.530920331,13.81679648,2.31,-0.220920331,1.260017563
393,393,2182,-5,1.224050979,e,2,2.530920331,13.81679648,2.182,-0.348920331,-0.361878385
394,394,2231,-5,1.221081036,e,2,2.530920331,13.81679648,2.231,-0.299920331,-0.361878385
395,395,2494,15.88630118,1.221345051,e,2,2.530920331,13.81679648,2.494,-0.036920331,1.149781804
396,396,2233,-5,1.214485071,e,2,2.530920331,13.81679648,2.233,-0.297920331,-0.361878385
397,397,2372,17.19485727,1.217254367,e,2,2.530920331,13.81679648,2.372,-0.158920331,1.244489437
398,398,2690,12.01636922,1.272000923,e,2,2.530920331,13.81679648,2.69,0.159079669,0.869692858
399,399,2421,16.80277283,1.22115601,e,2,2.530920331,13.81679648,2.421,-0.109920331,1.21611206
400,400,2042,-5,1.222620207,e,2,2.530920331,13.81679648,2.042,-0.488920331,-0.361878385
401,401,2444,16.5548267,1.226775129,e,2,2.530920331,13.81679648,2.444,-0.086920331,1.198166791
402,402,2462,16.33390855,1.220821471,e,2,2.530920331,13.81679648,2.462,-0.068920331,1.18217769
403,403,2412,16.88893514,1.214245902,e,2,2.530920331,13.81679648,2.412,-0.118920331,1.222348116
404,404,2425,16.76249354,1.222385424,e,2,2.530920331,13.81679648,2.425,-0.105920331,1.213196819
405,405,2114,-5,1.215379741,e,2,2.530920331,13.81679648,2.114,-0.416920331,-0.361878385
406,406,2214,-5,1.216487921,e,2,2.530920331,13.81679648,2.214,-0.316920331,-0.361878385
407,407,2518,15.50774397,1.212025657,e,2,2.530920331,13.81679648,2.518,-0.012920331,1.122383469
408,408,2333,17.36746092,1.228035268,e,2,2.530920331,13.81679648,2.333,-0.197920331,1.256981743
409,409,2487,15.98997902,1.219990442,e,2,2.530920331,13.81679648,2.487,-0.043920331,1.157285558
410,410,2358,17.27135721,1.22536328,e,2,2.530920331,13.81679648,2.358,-0.172920331,1.250026172
411,411,2206,-5,1.221345051,e,2,2.530920331,13.81679648,2.206,-0.324920331,-0.361878385
412,412,2499,15.81034347,1.222025323,e,2,2.530920331,13.81679648,2.499,-0.031920331,1.144284313
413,413,2383,17.12349854,1.226045769,e,2,2.530920331,13.81679648,2.383,-0.147920331,1.2393248
414,414,2413,16.87966913,1.217037004,e,2,2.530920331,13.81679648,2.413,-0.117920331,1.221677482
415,415,2398,17.01047941,1.224257462,e,2,2.530920331,13.81679648,2.398,-0.132920331,1.231144964
416,416,2421,16.80277283,1.216229275,e,2,2.530920331,13.81679648,2.421,-0.109920331,1.21611206
417,417,2381,17.13720316,1.223077585,e,2,2.530920331,13.81679648,2.381,-0.149920331,1.240316682
418,418,2298,-5,1.228640442,e,2,2.530920331,13.81679648,2.298,-0.232920331,-0.361878385
419,419,2111,-5,1.218243193,e,2,2.530920331,13.81679648,2.111,-0.419920331,-0.361878385
420,420,2369,17.21260692,1.220602444,e,2,2.530920331,13.81679648,2.369,-0.161920331,1.24577408
421,421,2406,16.94290233,1.222907936,e,3,2.530920331,13.81679648,2.406,-0.124920331,1.226254027
422,422,2211,-5,1.219054768,e,3,2.530920331,13.81679648,2.211,-0.319920331,-0.361878385
423,423,2500,15.79496441,1.22579415,e,3,2.530920331,13.81679648,2.5,-0.030920331,1.143171243
424,424,2470,16.22843609,1.223524123,e,3,2.530920331,13.81679648,2.47,-0.060920331,1.17454405
425,425,2238,-5,1.226462343,e,3,2.530920331,13.81679648,2.238,-0.292920331,-0.361878385
426,426,2063,-5,1.230414388,e,3,2.530920331,13.81679648,2.063,-0.467920331,-0.361878385
427,427,2484,16.033446,1.217356096,e,3,2.530920331,13.81679648,2.484,-0.046920331,1.16043151
428,428,2292,-5,1.218243193,e,3,2.530920331,13.81679648,2.292,-0.238920331,-0.361878385
429,429,2280,-5,1.223479339,e,3,2.530920331,13.81679648,2.28,-0.250920331,-0.361878385
430,430,2310,17.40940623,1.225963603,e,3,2.530920331,13.81679648,2.31,-0.220920331,1.260017563
431,431,2366,17.22961843,1.227033106,e,3,2.530920331,13.81679648,2.366,-0.164920331,1.247005299
432,432,2141,-5,1.213662316,e,3,2.530920331,13.81679648,2.141,-0.389920331,-0.361878385
433,433,2319,17.39832691,1.220559586,e,3,2.530920331,13.81679648,2.319,-0.211920331,1.25921569
434,434,2477,16.13257439,1.211547188,e,3,2.530920331,13.81679648,2.477,-0.053920331,1.167605994
435,435,2340,17.34582809,1.223290345,e,3,2.530920331,13.81679648,2.34,-0.190920331,1.255416052
436,436,2298,-5,1.216487921,e,3,2.530920331,13.81679648,2.298,-0.232920331,-0.361878385
437,437,2492,15.91624284,1.224149214,e,3,2.530920331,13.81679648,2.492,-0.038920331,1.151948852
438,438,2278,-5,1.222353085,e,3,2.530920331,13.81679648,2.278,-0.252920331,-0.361878385
439,439,2355,17.28564393,1.214399821,e,3,2.530920331,13.81679648,2.355,-0.175920331,1.251060183
440,440,2324,17.38920556,1.216090675,e,3,2.530920331,13.81679648,2.324,-0.206920331,1.258555526
441,441,2245,-5,1.227257453,e,3,2.530920331,13.81679648,2.245,-0.285920331,-0.361878385
442,442,2318,17.39989711,1.224050979,e,3,2.530920331,13.81679648,2.318,-0.212920331,1.259329334
443,443,2384,17.1165251,1.225551402,e,3,2.530920331,13.81679648,2.384,-0.146920331,1.238820093
444,444,2414,16.87032592,1.211563336,e,3,2.530920331,13.81679648,2.414,-0.116920331,1.221001261
445,445,2388,17.08782612,1.226775129,e,3,2.530920331,13.81679648,2.388,-0.142920331,1.236742985
446,446,2264,-5,1.214019672,e,3,2.530920331,13.81679648,2.264,-0.266920331,-0.361878385
447,447,2166,-5,1.214019672,e,3,2.530920331,13.81679648,2.166,-0.364920331,-0.361878385
448,448,2496,15.85610645,1.220339553,e,3,2.530920331,13.81679648,2.496,-0.034920331,1.14759644
449,449,2045,-5,1.213823407,e,3,2.530920331,13.81679648,2.045,-0.485920331,-0.361878385
450,450,2236,-5,1.219714334,e,3,2.530920331,13.81679648,2.236,-0.294920331,-0.361878385
451,451,2236,-5,1.229549636,f,1,2.492184699,15.00090896,2.236,-0.256184699,-0.333313135
452,452,2434,16.66746069,1.221779804,f,1,2.492184699,15.00090896,2.434,-0.058184699,1.111096717
453,453,2376,17.17004688,1.23035636,f,1,2.492184699,15.00090896,2.376,-0.116184699,1.144600432
454,454,2348,17.31606886,1.2254745,f,1,2.492184699,15.00090896,2.348,-0.144184699,1.154334641
455,455,2612,13.73331079,1.224335974,f,1,2.492184699,15.00090896,2.612,0.119815301,0.915498576
456,456,2374,17.18261523,1.224796795,f,1,2.492184699,15.00090896,2.374,-0.118184699,1.145438271
457,457,2219,-5,1.229048438,f,1,2.492184699,15.00090896,2.219,-0.273184699,-0.333313135
458,458,2500,15.79496441,1.227564702,f,1,2.492184699,15.00090896,2.5,0.007815301,1.052933822
459,459,2345,17.32785653,1.228194773,f,1,2.492184699,15.00090896,2.345,-0.147184699,1.155120438
460,460,2235,-5,1.222303178,f,1,2.492184699,15.00090896,2.235,-0.257184699,-0.333313135
461,461,2500,15.79496441,1.225240746,f,1,2.492184699,15.00090896,2.5,0.007815301,1.052933822
462,462,2437,16.63444227,1.227573816,f,1,2.492184699,15.00090896,2.437,-0.055184699,1.108895622
463,463,2263,-5,1.226741034,f,1,2.492184699,15.00090896,2.263,-0.229184699,-0.333313135
464,464,2472,16.20138422,1.217477316,f,1,2.492184699,15.00090896,2.472,-0.020184699,1.080026835
465,465,2366,17.22961843,1.217326629,f,1,2.492184699,15.00090896,2.366,-0.126184699,1.148571628
466,466,2339,17.34917074,1.223610946,f,1,2.492184699,15.00090896,2.339,-0.153184699,1.156541299
467,467,2538,15.16659119,1.214359375,f,1,2.492184699,15.00090896,2.538,0.045815301,1.011044813
468,468,2507,15.68558644,1.217498057,f,1,2.492184699,15.00090896,2.507,0.014815301,1.0456424
469,469,2399,17.00230784,1.220940725,f,1,2.492184699,15.00090896,2.399,-0.093184699,1.133418507
470,470,2110,-5,1.20825209,f,1,2.492184699,15.00090896,2.11,-0.382184699,-0.333313135
471,471,2501,15.77952334,1.222314174,f,1,2.492184699,15.00090896,2.501,0.008815301,1.05190448
472,472,2577,14.44150065,1.225240746,f,1,2.492184699,15.00090896,2.577,0.084815301,0.962708372
473,473,2346,17.32401092,1.222596915,f,1,2.492184699,15.00090896,2.346,-0.146184699,1.15486408
474,474,2228,-5,1.22710572,f,1,2.492184699,15.00090896,2.228,-0.264184699,-0.333313135
475,475,2392,17.05784382,1.220804695,f,1,2.492184699,15.00090896,2.392,-0.100184699,1.137120682
476,476,2394,17.04237359,1.222620207,f,1,2.492184699,15.00090896,2.394,-0.098184699,1.136089395
477,477,2164,-5,1.22310349,f,1,2.492184699,15.00090896,2.164,-0.328184699,-0.333313135
478,478,2474,16.17406183,1.221752248,f,1,2.492184699,15.00090896,2.474,-0.018184699,1.078205452
479,479,2526,15.37397097,1.213570057,f,1,2.492184699,15.00090896,2.526,0.033815301,1.024869294
480,480,2533,15.25395944,1.225116938,f,1,2.492184699,15.00090896,2.533,0.040815301,1.01686901
481,481,2501,15.77952334,1.226462343,f,2,2.492184699,15.00090896,2.501,0.008815301,1.05190448
482,482,2316,17.40278326,1.228959189,f,2,2.492184699,15.00090896,2.316,-0.176184699,1.160115251
483,483,2519,15.49122339,1.219140161,f,2,2.492184699,15.00090896,2.519,0.026815301,1.032685648
484,484,2501,15.77952334,1.222596915,f,2,2.492184699,15.00090896,2.501,0.008815301,1.05190448
485,485,2498,15.8256603,1.212025657,f,2,2.492184699,15.00090896,2.498,0.005815301,1.054980091
486,486,2507,15.68558644,1.224078106,f,2,2.492184699,15.00090896,2.507,0.014815301,1.0456424
487,487,2501,15.77952334,1.219906041,f,2,2.492184699,15.00090896,2.501,0.008815301,1.05190448
488,488,2530,15.30572578,1.22710572,f,2,2.492184699,15.00090896,2.53,0.037815301,1.02031989
489,489,2501,15.77952334,1.218443084,f,2,2.492184699,15.00090896,2.501,0.008815301,1.05190448
490,490,2498,15.8256603,1.225703709,f,2,2.492184699,15.00090896,2.498,0.005815301,1.054980091
491,491,2434,16.66746069,1.229728948,f,2,2.492184699,15.00090896,2.434,-0.058184699,1.111096717
492,492,NA,NA,NA,f,2,NA,NA,NA,NA,NA
493,493,2524,15.40775661,1.222025323,f,2,2.492184699,15.00090896,2.524,0.031815301,1.027121533
494,494,2407,16.93410235,1.220655836,f,2,2.492184699,15.00090896,2.407,-0.085184699,1.12887175
495,495,2442,16.57793939,1.216203376,f,2,2.492184699,15.00090896,2.442,-0.050184699,1.105128991
496,496,2287,-5,1.224714292,f,2,2.492184699,15.00090896,2.287,-0.205184699,-0.333313135
497,497,2426,16.75223451,1.227985697,f,2,2.492184699,15.00090896,2.426,-0.066184699,1.116747962
498,498,2347,17.32008168,1.22115601,f,2,2.492184699,15.00090896,2.347,-0.145184699,1.154602146
499,499,2398,17.01047941,1.222292989,f,2,2.492184699,15.00090896,2.398,-0.094184699,1.133963246
500,500,2326,17.38496471,1.222314174,f,2,2.492184699,15.00090896,2.326,-0.166184699,1.158927419
501,501,2510,15.63779804,1.215839197,f,2,2.492184699,15.00090896,2.51,0.017815301,1.042456699
502,502,2494,15.88630118,1.230346082,f,2,2.492184699,15.00090896,2.494,0.001815301,1.059022571
503,503,2460,16.35958553,1.213305519,f,2,2.492184699,15.00090896,2.46,-0.032184699,1.09057295
504,504,2377,17.16364055,1.219814335,f,2,2.492184699,15.00090896,2.377,-0.115184699,1.144173369
505,505,2327,17.38271747,1.224442237,f,2,2.492184699,15.00090896,2.327,-0.165184699,1.158777613
506,506,2466,16.2817223,1.22358831,f,2,2.492184699,15.00090896,2.466,-0.026184699,1.085382382
507,507,2446,16.53142366,1.223804153,f,2,2.492184699,15.00090896,2.446,-0.046184699,1.102028131
508,508,2374,17.18261523,1.221512371,f,2,2.492184699,15.00090896,2.374,-0.118184699,1.145438271
509,509,2322,17.39310807,1.227554711,f,2,2.492184699,15.00090896,2.322,-0.170184699,1.159470277
510,510,2438,16.62328849,1.2288465,f,2,2.492184699,15.00090896,2.438,-0.054184699,1.108152082
511,511,2386,17.10233644,1.22310349,f,3,2.492184699,15.00090896,2.386,-0.106184699,1.140086676
512,512,2392,17.05784382,1.224865418,f,3,2.492184699,15.00090896,2.392,-0.100184699,1.137120682
513,513,2517,15.52420645,1.227772386,f,3,2.492184699,15.00090896,2.517,0.024815301,1.034884385
514,514,2483,16.04780467,1.229708024,f,3,2.492184699,15.00090896,2.483,-0.009184699,1.069788818
515,515,2213,-5,1.226149011,f,3,2.492184699,15.00090896,2.213,-0.279184699,-0.333313135
516,516,2324,17.38920556,1.223658241,f,3,2.492184699,15.00090896,2.324,-0.168184699,1.159210126
517,517,2442,16.57793939,1.230045684,f,3,2.492184699,15.00090896,2.442,-0.050184699,1.105128991
518,518,2516,15.54061059,1.224164031,f,3,2.492184699,15.00090896,2.516,0.023815301,1.035977929
519,519,2511,15.62174854,1.224829054,f,3,2.492184699,15.00090896,2.511,0.018815301,1.041386797
520,520,2364,17.24054827,1.218487602,f,3,2.492184699,15.00090896,2.364,-0.128184699,1.14930024
521,521,2536,15.20170075,1.22310349,f,3,2.492184699,15.00090896,2.536,0.043815301,1.013385308
522,522,2442,16.57793939,1.224346178,f,3,2.492184699,15.00090896,2.442,-0.050184699,1.105128991
523,523,2248,-5,1.226827207,f,3,2.492184699,15.00090896,2.248,-0.244184699,-0.333313135
524,524,2244,-5,1.229397646,f,3,2.492184699,15.00090896,2.244,-0.248184699,-0.333313135
525,525,2247,-5,1.22314483,f,3,2.492184699,15.00090896,2.247,-0.245184699,-0.333313135
526,526,2524,15.40775661,1.22367051,f,3,2.492184699,15.00090896,2.524,0.031815301,1.027121533
527,527,2476,16.14647046,1.225604603,f,3,2.492184699,15.00090896,2.476,-0.016184699,1.076366139
528,528,2492,15.91624284,1.210813046,f,3,2.492184699,15.00090896,2.492,-0.000184699,1.061018561
529,529,2462,16.33390855,1.226942741,f,3,2.492184699,15.00090896,2.462,-0.030184699,1.088861255
530,530,2264,-5,1.235582694,f,3,2.492184699,15.00090896,2.264,-0.228184699,-0.333313135
531,531,2500,15.79496441,1.225072933,f,3,2.492184699,15.00090896,2.5,0.007815301,1.052933822
532,532,2467,16.26850341,1.234962197,f,3,2.492184699,15.00090896,2.467,-0.025184699,1.084501176
533,533,2450,16.48375182,1.233340258,f,3,2.492184699,15.00090896,2.45,-0.042184699,1.098850201
534,534,2413,16.87966913,1.230077858,f,3,2.492184699,15.00090896,2.413,-0.079184699,1.125243089
535,535,2320,17.39667198,1.219081991,f,3,2.492184699,15.00090896,2.32,-0.172184699,1.159707857
536,536,2515,15.55695617,1.224594125,f,3,2.492184699,15.00090896,2.515,0.022815301,1.037067568
537,537,2494,15.88630118,1.224594125,f,3,2.492184699,15.00090896,2.494,0.001815301,1.059022571
538,538,2515,15.55695617,1.224149214,f,3,2.492184699,15.00090896,2.515,0.022815301,1.037067568
539,539,2463,16.32096575,1.215632029,f,3,2.492184699,15.00090896,2.463,-0.029184699,1.087998454
540,540,2472,16.20138422,1.228069828,f,3,2.492184699,15.00090896,2.472,-0.020184699,1.080026835
541,541,2629,13.37310531,1.212382672,g,1,2.520555346,14.15745286,2.629,0.108444654,0.944598258
542,542,2342,17.33889097,1.227772386,g,1,2.520555346,14.15745286,2.342,-0.178555346,1.224718256
543,543,2329,17.37796955,1.22417528,g,1,2.520555346,14.15745286,2.329,-0.191555346,1.227478539
544,544,2506,15.70139515,1.230291802,g,1,2.520555346,14.15745286,2.506,-0.014555346,1.10905509
545,545,2062,-5,1.229440442,g,1,2.520555346,14.15745286,2.062,-0.458555346,-0.353170874
546,546,2496,15.85610645,1.23097545,g,1,2.520555346,14.15745286,2.496,-0.024555346,1.119982995
547,547,2158,-5,1.221741635,g,1,2.520555346,14.15745286,2.158,-0.362555346,-0.353170874
548,548,2359,17.26642913,1.225896656,g,1,2.520555346,14.15745286,2.359,-0.161555346,1.219599973
549,549,2439,16.61206115,1.227033106,g,1,2.520555346,14.15745286,2.439,-0.081555346,1.173379231
550,550,2486,16.00453298,1.222596915,g,1,2.520555346,14.15745286,2.486,-0.034555346,1.13046698
551,551,2436,16.64552234,1.228640442,g,1,2.520555346,14.15745286,2.436,-0.084555346,1.175742735
552,552,2233,-5,1.229318322,g,1,2.520555346,14.15745286,2.233,-0.287555346,-0.353170874
553,553,2400,16.9940573,1.222620207,g,1,2.520555346,14.15745286,2.4,-0.120555346,1.200361214
554,554,2460,16.35958553,1.222907936,g,1,2.520555346,14.15745286,2.46,-0.060555346,1.155545824
555,555,2488,15.97536036,1.225240746,g,1,2.520555346,14.15745286,2.488,-0.032555346,1.128406396
556,556,2515,15.55695617,1.226741034,g,1,2.520555346,14.15745286,2.515,-0.005555346,1.098852761
557,557,2408,16.92522438,1.226955226,g,1,2.520555346,14.15745286,2.408,-0.112555346,1.195499257
558,558,2473,16.18775674,1.224257462,g,1,2.520555346,14.15745286,2.473,-0.047555346,1.143408839
559,559,2440,16.60076042,1.222292989,g,1,2.520555346,14.15745286,2.44,-0.080555346,1.172581013
560,560,2361,17.25632466,1.230792222,g,1,2.520555346,14.15745286,2.361,-0.159555346,1.218886252
561,561,2501,15.77952334,1.231503712,g,1,2.520555346,14.15745286,2.501,-0.019555346,1.11457361
562,562,2581,14.36309421,1.233004368,g,1,2.520555346,14.15745286,2.581,0.060444654,1.014525307
563,563,2474,16.17406183,1.230104867,g,1,2.520555346,14.15745286,2.474,-0.046555346,1.14244151
564,564,2559,14.78537235,1.230748568,g,1,2.520555346,14.15745286,2.559,0.038444654,1.044352575
565,565,2530,15.30572578,1.228215452,g,1,2.520555346,14.15745286,2.53,0.009444654,1.08110731
566,566,2478,16.11861164,1.228640442,g,1,2.520555346,14.15745286,2.478,-0.042555346,1.138524832
567,567,2564,14.69136831,1.228399739,g,1,2.520555346,14.15745286,2.564,0.043444654,1.037712677
568,568,2844,8.460782651,1.225495523,g,1,2.520555346,14.15745286,2.844,0.323444654,0.597620401
569,569,NA,NA,NA,g,1,2.520555346,14.15745286,NA,NA,NA
570,570,2667,12.53765756,1.232062267,g,1,2.520555346,14.15745286,2.667,0.146444654,0.885587096
571,571,2258,-5,1.227502845,g,2,2.520555346,14.15745286,2.258,-0.262555346,-0.353170874
572,572,2537,15.18417286,1.226577644,g,2,2.520555346,14.15745286,2.537,0.016444654,1.07252152
573,573,2525,15.39089206,1.224149214,g,2,2.520555346,14.15745286,2.525,0.004444654,1.08712296
574,574,2298,-5,1.226637571,g,2,2.520555346,14.15745286,2.298,-0.222555346,-0.353170874
575,575,2534,15.23659427,1.23170647,g,2,2.520555346,14.15745286,2.534,0.013444654,1.076224263
576,576,2365,17.23512452,1.226628004,g,2,2.520555346,14.15745286,2.365,-0.155555346,1.217388798
577,577,2506,15.70139515,1.227772386,g,2,2.520555346,14.15745286,2.506,-0.014555346,1.10905509
578,578,2347,17.32008168,1.222314174,g,2,2.520555346,14.15745286,2.347,-0.173555346,1.223389677
579,579,2633,13.28701083,1.238293499,g,2,2.520555346,14.15745286,2.633,0.112444654,0.938517046
580,580,2563,14.7102647,1.22314483,g,2,2.520555346,14.15745286,2.563,0.042444654,1.039047408
581,581,2285,-5,1.224714292,g,2,2.520555346,14.15745286,2.285,-0.235555346,-0.353170874
582,582,2532,15.2712699,1.226511035,g,2,2.520555346,14.15745286,2.532,0.011444654,1.078673547
583,583,2529,15.32287075,1.226061315,g,2,2.520555346,14.15745286,2.529,0.008444654,1.082318331
584,584,2489,15.96067722,1.222025323,g,2,2.520555346,14.15745286,2.489,-0.031555346,1.127369265
585,585,2424,16.77267703,1.223734723,g,2,2.520555346,14.15745286,2.424,-0.096555346,1.184724201
586,586,2618,13.60727515,1.224510819,g,2,2.520555346,14.15745286,2.618,0.097444654,0.961138651
587,587,2281,-5,1.232030398,g,2,2.520555346,14.15745286,2.281,-0.239555346,-0.353170874
588,588,NA,NA,NA,g,2,NA,NA,NA,NA,NA
589,589,2809,9.256575243,1.230748568,g,2,2.520555346,14.15745286,2.809,0.288444654,0.653830554
590,590,2494,15.88630118,1.233079065,g,2,2.520555346,14.15745286,2.494,-0.026555346,1.122115774
591,591,2388,17.08782612,1.228430137,g,2,2.520555346,14.15745286,2.388,-0.132555346,1.206984497
592,592,2567,14.63439632,1.226775129,g,2,2.520555346,14.15745286,2.567,0.046444654,1.033688508
593,593,2620,13.56499145,1.226299943,g,2,2.520555346,14.15745286,2.62,0.099444654,0.958151977
594,594,2481,16.07632532,1.22815871,g,2,2.520555346,14.15745286,2.481,-0.039555346,1.135537973
595,595,2512,15.60563939,1.222292989,g,2,2.520555346,14.15745286,2.512,-0.008555346,1.10229146
596,596,2485,16.01902204,1.223410364,g,2,2.520555346,14.15745286,2.485,-0.035555346,1.131490403
597,597,2544,15.05998504,1.227332536,g,2,2.520555346,14.15745286,2.544,0.023444654,1.063749616
598,598,2333,17.36746092,1.225744905,g,2,2.520555346,14.15745286,2.333,-0.187555346,1.22673627
599,599,2526,15.37397097,1.225353524,g,2,2.520555346,14.15745286,2.526,0.005444654,1.085927753
600,600,2524,15.40775661,1.22367051,g,2,2.520555346,14.15745286,2.524,0.003444654,1.088314174
601,601,2459,16.37231935,1.224257462,g,3,2.520555346,14.15745286,2.459,-0.061555346,1.156445267
602,602,2514,15.57324298,1.232364297,g,3,2.520555346,14.15745286,2.514,-0.006555346,1.100003167
603,603,2524,15.40775661,1.225841058,g,3,2.520555346,14.15745286,2.524,0.003444654,1.088314174
604,604,2503,15.74845599,1.234268523,g,3,2.520555346,14.15745286,2.503,-0.017555346,1.112379193
605,605,2462,16.33390855,1.221311802,g,3,2.520555346,14.15745286,2.462,-0.058555346,1.153732152
606,606,2227,-5,1.221689415,g,3,2.520555346,14.15745286,2.227,-0.293555346,-0.353170874
607,607,2568,14.6153122,1.236546423,g,3,2.520555346,14.15745286,2.568,0.047444654,1.032340517
608,608,2551,14.933243,1.233212747,g,3,2.520555346,14.15745286,2.551,0.030444654,1.054797296
609,609,2545,15.04203351,1.222703059,g,3,2.520555346,14.15745286,2.545,0.024444654,1.062481624
610,610,2512,15.60563939,1.226577644,g,3,2.520555346,14.15745286,2.512,-0.008555346,1.10229146
611,611,2538,15.16659119,1.221655364,g,3,2.520555346,14.15745286,2.538,0.017444654,1.071279653
612,612,2598,14.02237274,1.230077858,g,3,2.520555346,14.15745286,2.598,0.077444654,0.990458727
613,613,2594,14.10359683,1.224954049,g,3,2.520555346,14.15745286,2.594,0.073444654,0.996195924
614,614,2596,14.06306335,1.221038481,g,3,2.520555346,14.15745286,2.596,0.075444654,0.993332875
615,615,2555,14.85970362,1.230045684,g,3,2.520555346,14.15745286,2.555,0.034444654,1.049602903
616,616,2492,15.91624284,1.223189467,g,3,2.520555346,14.15745286,2.492,-0.028555346,1.124230679
617,617,2581,14.36309421,1.222025323,g,3,2.520555346,14.15745286,2.581,0.060444654,1.014525307
618,618,2581,14.36309421,1.2288465,g,3,2.520555346,14.15745286,2.581,0.060444654,1.014525307
619,619,2518,15.50774397,1.224510819,g,3,2.520555346,14.15745286,2.518,-0.002555346,1.095376698
620,620,2767,10.22992331,1.226462343,g,3,2.520555346,14.15745286,2.767,0.246444654,0.722582191
621,621,2731,11.06921468,1.218127793,g,3,2.520555346,14.15745286,2.731,0.210444654,0.781864845
622,622,2323,17.39119912,1.232653798,g,3,2.520555346,14.15745286,2.323,-0.197555346,1.228412999
623,623,2239,-5,1.222907936,g,3,2.520555346,14.15745286,2.239,-0.281555346,-0.353170874
624,624,2582,14.34338428,1.227772386,g,3,2.520555346,14.15745286,2.582,0.061444654,1.013133112
625,625,2536,15.20170075,1.23097545,g,3,2.520555346,14.15745286,2.536,0.015444654,1.073759588
626,626,2457,16.39757676,1.230138126,g,3,2.520555346,14.15745286,2.457,-0.063555346,1.158229303
627,627,2521,15.45800877,1.227772386,g,3,2.520555346,14.15745286,2.521,0.000444654,1.091863693
628,628,2671,12.44770842,1.225495523,g,3,2.520555346,14.15745286,2.671,0.150444654,0.879233612
629,629,2198,-5,1.223410364,g,3,2.520555346,14.15745286,2.198,-0.322555346,-0.353170874
630,630,2517,15.52420645,1.228640442,g,3,2.520555346,14.15745286,2.517,-0.003555346,1.096539512
631,631,2075,-5,1.230219545,h,1,2.571250807,12.34442266,2.075,-0.496250807,-0.405041219
632,632,2530,15.30572578,1.220482115,h,1,2.571250807,12.34442266,2.53,-0.041250807,1.239889965
633,633,2513,15.58947079,1.229708024,h,1,2.571250807,12.34442266,2.513,-0.058250807,1.26287565
634,634,2475,16.16029968,1.217985569,h,1,2.571250807,12.34442266,2.475,-0.096250807,1.309117496
635,635,2491,15.93111825,1.232472704,h,1,2.571250807,12.34442266,2.491,-0.080250807,1.290551911
636,636,2492,15.91624284,1.220853678,h,1,2.571250807,12.34442266,2.492,-0.079250807,1.28934688
637,637,2530,15.30572578,1.227071288,h,1,2.571250807,12.34442266,2.53,-0.041250807,1.239889965
638,638,2666,12.56009305,1.230346082,h,1,2.571250807,12.34442266,2.666,0.094749193,1.01747108
639,639,2523,15.4245644,1.219351533,h,1,2.571250807,12.34442266,2.523,-0.048250807,1.249516873
640,640,2370,17.20677227,1.218487602,h,1,2.571250807,12.34442266,2.37,-0.201250807,1.393890402
641,641,2480,16.09048691,1.227772386,h,1,2.571250807,12.34442266,2.48,-0.091250807,1.303462086
642,642,2487,15.98997902,1.223189467,h,1,2.571250807,12.34442266,2.487,-0.084250807,1.295320118
643,643,2554,14.87816331,1.208806352,h,1,2.571250807,12.34442266,2.554,-0.017250807,1.20525388
644,644,2742,10.8129585,1.223465,h,1,2.571250807,12.34442266,2.742,0.170749193,0.875938778
645,645,2511,15.62174854,1.222873739,h,1,2.571250807,12.34442266,2.511,-0.060250807,1.265490414
646,646,2405,16.95162418,1.221451929,h,1,2.571250807,12.34442266,2.405,-0.166250807,1.373221304
647,647,2667,12.53765756,1.22115601,h,1,2.571250807,12.34442266,2.667,0.095749193,1.01565362
648,648,2412,16.88893514,1.225240746,h,1,2.571250807,12.34442266,2.412,-0.159250807,1.368142975
649,649,2424,16.77267703,1.226395925,h,1,2.571250807,12.34442266,2.424,-0.147250807,1.358725109
650,650,2303,17.41327079,1.223998819,h,1,2.571250807,12.34442266,2.303,-0.268250807,1.410618485
651,651,2526,15.37397097,1.215160442,h,1,2.571250807,12.34442266,2.526,-0.045250807,1.245418388
652,652,2769,10.1833203,1.220299699,h,1,2.571250807,12.34442266,2.769,0.197749193,0.824932893
653,653,2493,15.90130374,1.232653798,h,1,2.571250807,12.34442266,2.493,-0.078250807,1.28813669
654,654,2522,15.44131519,1.221730164,h,1,2.571250807,12.34442266,2.522,-0.049250807,1.250873825
655,655,2502,15.76402046,1.222907936,h,1,2.571250807,12.34442266,2.502,-0.069250807,1.277015612
656,656,2463,16.32096575,1.235917424,h,1,2.571250807,12.34442266,2.463,-0.108250807,1.322132772
657,657,2517,15.52420645,1.224980397,h,1,2.571250807,12.34442266,2.517,-0.054250807,1.2575887
658,658,2547,15.00597503,1.228263545,h,1,2.571250807,12.34442266,2.547,-0.024250807,1.215607683
659,659,2434,16.66746069,1.222326075,h,1,2.571250807,12.34442266,2.434,-0.137250807,1.350201719
660,660,2508,15.66971721,1.201667461,h,1,2.571250807,12.34442266,2.508,-0.063250807,1.269376272
661,661,2245,-5,1.222907936,h,2,2.571250807,12.34442266,2.245,-0.326250807,-0.405041219
662,662,2661,12.67194685,1.206660458,h,2,2.571250807,12.34442266,2.661,0.089749193,1.026532159
663,663,2587,14.24419728,1.230346082,h,2,2.571250807,12.34442266,2.587,0.015749193,1.153897406
664,664,2558,14.80402856,1.215724777,h,2,2.571250807,12.34442266,2.558,-0.013250807,1.199248354
665,665,2561,14.74791459,1.223879462,h,2,2.571250807,12.34442266,2.561,-0.010250807,1.19470266
666,666,2641,13.11341019,1.219456102,h,2,2.571250807,12.34442266,2.641,0.069749193,1.062294329
667,667,2686,12.10768942,1.222326075,h,2,2.571250807,12.34442266,2.686,0.114749193,0.980822656
668,668,2500,15.79496441,1.219990442,h,2,2.571250807,12.34442266,2.5,-0.071250807,1.279522327
669,669,2618,13.60727515,1.224980397,h,2,2.571250807,12.34442266,2.618,0.046749193,1.102301462
670,670,2598,14.02237274,1.204630557,h,2,2.571250807,12.34442266,2.598,0.026749193,1.135927789
671,671,2637,13.20044026,1.234121507,h,2,2.571250807,12.34442266,2.637,0.065749193,1.069344482
672,672,2633,13.28701083,1.233456835,h,2,2.571250807,12.34442266,2.633,0.061749193,1.076357412
673,673,2519,15.49122339,1.226395925,h,2,2.571250807,12.34442266,2.519,-0.052250807,1.254916801
674,674,2324,17.38920556,1.217293031,h,2,2.571250807,12.34442266,2.324,-0.247250807,1.408669003
675,675,2369,17.21260692,1.242676432,h,2,2.571250807,12.34442266,2.369,-0.202250807,1.394363057
676,676,2295,-5,1.226149011,h,2,2.571250807,12.34442266,2.295,-0.276250807,-0.405041219
677,677,2572,14.53851504,1.227772386,h,2,2.571250807,12.34442266,2.572,0.000749193,1.17773957
678,678,2051,-5,1.22314483,h,2,2.571250807,12.34442266,2.051,-0.520250807,-0.405041219
679,679,2535,15.21917463,1.227772386,h,2,2.571250807,12.34442266,2.535,-0.036250807,1.232878608
680,680,2564,14.69136831,1.210020043,h,2,2.571250807,12.34442266,2.564,-0.007250807,1.190121945
681,681,2572,14.53851504,1.205118005,h,2,2.571250807,12.34442266,2.572,0.000749193,1.17773957
682,682,2837,8.618389487,1.216582377,h,2,2.571250807,12.34442266,2.837,0.265749193,0.698160596
683,683,2322,17.39310807,1.224078106,h,2,2.571250807,12.34442266,2.322,-0.249250807,1.408985138
684,684,2749,10.64971047,1.231503712,h,2,2.571250807,12.34442266,2.749,0.177749193,0.862714342
685,685,2302,17.41348315,1.24246692,h,2,2.571250807,12.34442266,2.302,-0.269250807,1.410635688
686,686,2869,7.905622051,1.239502054,h,2,2.571250807,12.34442266,2.869,0.297749193,0.640420558
687,687,2021,-5,1.218683902,h,2,2.571250807,12.34442266,2.021,-0.550250807,-0.405041219
688,688,2520,15.47464491,1.218683902,h,2,2.571250807,12.34442266,2.52,-0.051250807,1.253573807
689,689,NA,NA,NA,h,2,NA,NA,NA,NA,NA
690,690,2499,15.81034347,1.244489995,h,2,2.571250807,12.34442266,2.499,-0.072250807,1.280768158
691,691,2131,-5,1.227772386,h,3,2.571250807,12.34442266,2.131,-0.440250807,-0.405041219
692,692,2496,15.85610645,1.242319416,h,3,2.571250807,12.34442266,2.496,-0.075250807,1.284475336
693,693,2270,-5,1.250084194,h,3,2.571250807,12.34442266,2.27,-0.301250807,-0.405041219
694,694,2611,13.7541951,1.229817373,h,3,2.571250807,12.34442266,2.611,0.039749193,1.114203189
695,695,2479,16.10458242,1.224164031,h,3,2.571250807,12.34442266,2.479,-0.092250807,1.304603938
696,696,2517,15.52420645,1.235376803,h,3,2.571250807,12.34442266,2.517,-0.054250807,1.2575887
697,697,2189,-5,1.219468601,h,3,2.571250807,12.34442266,2.189,-0.382250807,-0.405041219
698,698,2540,15.13126747,1.23396071,h,3,2.571250807,12.34442266,2.54,-0.031250807,1.225757404
699,699,2659,12.71653255,1.208806352,h,3,2.571250807,12.34442266,2.659,0.087749193,1.030143969
700,700,2421,16.80277283,1.235658313,h,3,2.571250807,12.34442266,2.421,-0.150250807,1.361163117
701,701,2502,15.76402046,1.229180836,h,3,2.571250807,12.34442266,2.502,-0.069250807,1.277015612
702,702,2686,12.10768942,1.216941635,h,3,2.571250807,12.34442266,2.686,0.114749193,0.980822656
703,703,2516,15.54061059,1.226874116,h,3,2.571250807,12.34442266,2.516,-0.055250807,1.258917571
704,704,2509,15.65378767,1.243581346,h,3,2.571250807,12.34442266,2.509,-0.062250807,1.268085847
705,705,2540,15.13126747,1.229817373,h,3,2.571250807,12.34442266,2.54,-0.031250807,1.225757404
706,706,2696,11.87894019,1.234618361,h,3,2.571250807,12.34442266,2.696,0.124749193,0.962292083
707,707,2003,-5,1.227285176,h,3,2.571250807,12.34442266,2.003,-0.568250807,-0.405041219
708,708,2542,15.09573145,1.25234609,h,3,2.571250807,12.34442266,2.542,-0.029250807,1.222878693
709,709,2351,17.3035295,1.220804695,h,3,2.571250807,12.34442266,2.351,-0.220250807,1.401728536
710,710,2585,14.28399854,1.218150529,h,3,2.571250807,12.34442266,2.585,0.013749193,1.157121636
711,711,NA,NA,NA,h,3,NA,NA,NA,NA,NA
712,712,2732,11.04593926,1.211618325,h,3,2.571250807,12.34442266,2.732,0.160749193,0.89481214
713,713,2537,15.18417286,1.220299699,h,3,2.571250807,12.34442266,2.537,-0.034250807,1.230043176
714,714,2872,7.839892892,1.217453578,h,3,2.571250807,12.34442266,2.872,0.300749193,0.635095954
715,715,NA,NA,NA,h,3,NA,NA,NA,NA,NA
716,716,2112,-5,1.203622493,h,3,2.571250807,12.34442266,2.112,-0.459250807,-0.405041219
717,717,NA,NA,NA,h,3,NA,NA,NA,NA,NA
718,718,NA,NA,NA,h,3,NA,NA,NA,NA,NA
719,719,2270,-5,1.230138126,h,3,2.571250807,12.34442266,2.27,-0.301250807,-0.405041219
720,720,2520,15.47464491,1.225105079,h,3,2.571250807,12.34442266,2.52,-0.051250807,1.253573807
721,721,2357,17.27620241,1.219906041,i,1,2.455706631,15.8880536,2.357,-0.098706631,1.087370602
722,722,2495,15.87123534,1.224980397,i,1,2.455706631,15.8880536,2.495,0.039293369,0.998941452
723,723,2319,17.39832691,1.222945004,i,1,2.455706631,15.8880536,2.319,-0.136706631,1.095057164
724,724,2343,17.33529661,1.210813046,i,1,2.455706631,15.8880536,2.343,-0.112706631,1.091090013
725,725,2347,17.32008168,1.22089888,i,1,2.455706631,15.8880536,2.347,-0.108706631,1.09013238
726,726,2347,17.32008168,1.219990442,i,1,2.455706631,15.8880536,2.347,-0.108706631,1.09013238
727,727,2329,17.37796955,1.216664201,i,1,2.455706631,15.8880536,2.329,-0.126706631,1.093775864
728,728,2494,15.88630118,1.206965365,i,1,2.455706631,15.8880536,2.494,0.038293369,0.999889702
729,729,2422,16.79281682,1.223804153,i,1,2.455706631,15.8880536,2.422,-0.033706631,1.056946133
730,730,2449,16.49577758,1.22579415,i,1,2.455706631,15.8880536,2.449,-0.006706631,1.038250373
731,731,2365,17.23512452,1.228959189,i,1,2.455706631,15.8880536,2.365,-0.090706631,1.084785144
732,732,2417,16.84183434,1.22358831,i,1,2.455706631,15.8880536,2.417,-0.038706631,1.060031314
733,733,2474,16.17406183,1.224257462,i,1,2.455706631,15.8880536,2.474,0.018293369,1.018001464
734,734,2286,-5,1.221704193,i,1,2.455706631,15.8880536,2.286,-0.169706631,-0.314701859
735,735,2409,16.91626855,1.224608555,i,1,2.455706631,15.8880536,2.409,-0.046706631,1.064716231
736,736,2487,15.98997902,1.223290345,i,1,2.455706631,15.8880536,2.487,0.031293369,1.006415224
737,737,2540,15.13126747,1.219714334,i,1,2.455706631,15.8880536,2.54,0.084293369,0.9523676
738,738,2371,17.20085569,1.224714292,i,1,2.455706631,15.8880536,2.371,-0.084706631,1.082628252
739,739,2279,-5,1.217985569,i,1,2.455706631,15.8880536,2.279,-0.176706631,-0.314701859
740,740,2521,15.45800877,1.219351533,i,1,2.455706631,15.8880536,2.521,0.065293369,0.972932819
741,741,2425,16.76249354,1.226716978,i,1,2.455706631,15.8880536,2.425,-0.030706631,1.055037575
742,742,2433,16.67831867,1.224050979,i,1,2.455706631,15.8880536,2.433,-0.022706631,1.049739577
743,743,2473,16.18775674,1.220413981,i,1,2.455706631,15.8880536,2.473,0.017293369,1.018863427
744,744,2439,16.61206115,1.224829054,i,1,2.455706631,15.8880536,2.439,-0.016706631,1.045569304
745,745,2371,17.20085569,1.220413981,i,1,2.455706631,15.8880536,2.371,-0.084706631,1.082628252
746,746,2399,17.00230784,1.222645478,i,1,2.455706631,15.8880536,2.399,-0.056706631,1.070131576
747,747,2519,15.49122339,1.225105079,i,1,2.455706631,15.8880536,2.519,0.063293369,0.975023359
748,748,2384,17.1165251,1.220804695,i,1,2.455706631,15.8880536,2.384,-0.071706631,1.077320453
749,749,2461,16.34678187,1.222985323,i,1,2.455706631,15.8880536,2.461,0.005293369,1.028872528
750,750,2494,15.88630118,1.217426144,i,1,2.455706631,15.8880536,2.494,0.038293369,0.999889702
751,751,2401,16.98572791,1.225240746,i,2,2.455706631,15.8880536,2.401,-0.054706631,1.069088029
752,752,2456,16.4101,1.236998163,i,2,2.455706631,15.8880536,2.456,0.000293369,1.032857794
753,753,2394,17.04237359,1.206660458,i,2,2.455706631,15.8880536,2.394,-0.061706631,1.072653329
754,754,2397,17.01857188,1.222025323,i,2,2.455706631,15.8880536,2.397,-0.058706631,1.071155241
755,755,2432,16.68910231,1.212424222,i,2,2.455706631,15.8880536,2.432,-0.023706631,1.050418304
756,756,2355,17.28564393,1.221717726,i,2,2.455706631,15.8880536,2.355,-0.100706631,1.087964855
757,757,2474,16.17406183,1.214176191,i,2,2.455706631,15.8880536,2.474,0.018293369,1.018001464
758,758,2361,17.25632466,1.22447116,i,2,2.455706631,15.8880536,2.361,-0.094706631,1.086119489
759,759,2398,17.01047941,1.222385424,i,2,2.455706631,15.8880536,2.398,-0.057706631,1.070645898
760,760,2321,17.39493236,1.216971215,i,2,2.455706631,15.8880536,2.321,-0.134706631,1.094843509
761,761,2178,-5,1.21637766,i,2,2.455706631,15.8880536,2.178,-0.277706631,-0.314701859
762,762,2489,15.96067722,1.215809934,i,2,2.455706631,15.8880536,2.489,0.033293369,1.004570958
763,763,2394,17.04237359,1.212978945,i,2,2.455706631,15.8880536,2.394,-0.061706631,1.072653329
764,764,2384,17.1165251,1.21388439,i,2,2.455706631,15.8880536,2.384,-0.071706631,1.077320453
765,765,2461,16.34678187,1.209753966,i,2,2.455706631,15.8880536,2.461,0.005293369,1.028872528
766,766,2412,16.88893514,1.208765305,i,2,2.455706631,15.8880536,2.412,-0.043706631,1.062995856
767,767,2247,-5,1.218207223,i,2,2.455706631,15.8880536,2.247,-0.208706631,-0.314701859
768,768,2349,17.31197251,1.228323351,i,2,2.455706631,15.8880536,2.349,-0.106706631,1.089621986
769,769,2440,16.60076042,1.222385424,i,2,2.455706631,15.8880536,2.44,-0.015706631,1.044858032
770,770,2323,17.39119912,1.225854055,i,2,2.455706631,15.8880536,2.323,-0.132706631,1.094608538
771,771,2339,17.34917074,1.217805939,i,2,2.455706631,15.8880536,2.339,-0.116706631,1.091963256
772,772,2466,16.2817223,1.215379741,i,2,2.455706631,15.8880536,2.466,0.010293369,1.024777654
773,773,2482,16.06209784,1.217209399,i,2,2.455706631,15.8880536,2.482,0.026293369,1.010954409
774,774,2372,17.19485727,1.225090709,i,2,2.455706631,15.8880536,2.372,-0.083706631,1.082250709
775,775,2419,16.82245637,1.225551402,i,2,2.455706631,15.8880536,2.419,-0.036706631,1.058811658
776,776,2368,17.21835955,1.223734723,i,2,2.455706631,15.8880536,2.368,-0.087706631,1.083729951
777,777,2288,-5,1.225854055,i,2,2.455706631,15.8880536,2.288,-0.167706631,-0.314701859
778,778,2409,16.91626855,1.220339553,i,2,2.455706631,15.8880536,2.409,-0.046706631,1.064716231
779,779,2358,17.27135721,1.224660363,i,2,2.455706631,15.8880536,2.358,-0.097706631,1.087065643
780,780,2395,17.03451909,1.22099191,i,2,2.455706631,15.8880536,2.395,-0.060706631,1.072158964
781,781,2422,16.79281682,1.229180836,i,3,2.455706631,15.8880536,2.422,-0.033706631,1.056946133
782,782,2412,16.88893514,1.233543138,i,3,2.455706631,15.8880536,2.412,-0.043706631,1.062995856
783,783,2245,-5,1.228035268,i,3,2.455706631,15.8880536,2.245,-0.210706631,-0.314701859
784,784,2355,17.28564393,1.231932529,i,3,2.455706631,15.8880536,2.355,-0.100706631,1.087964855
785,785,2469,16.24186012,1.222812725,i,3,2.455706631,15.8880536,2.469,0.013293369,1.022268714
786,786,2383,17.12349854,1.217592401,i,3,2.455706631,15.8880536,2.383,-0.072706631,1.077759364
787,787,2257,-5,1.213599632,i,3,2.455706631,15.8880536,2.257,-0.198706631,-0.314701859
788,788,2358,17.27135721,1.220804695,i,3,2.455706631,15.8880536,2.358,-0.097706631,1.087065643
789,789,2428,16.73149042,1.225679792,i,3,2.455706631,15.8880536,2.428,-0.027706631,1.053086227
790,790,2386,17.10233644,1.215501313,i,3,2.455706631,15.8880536,2.386,-0.069706631,1.076427413
791,791,2483,16.04780467,1.220940725,i,3,2.455706631,15.8880536,2.483,0.027293369,1.010054792
792,792,2482,16.06209784,1.223479339,i,3,2.455706631,15.8880536,2.482,0.026293369,1.010954409
793,793,2379,17.15058409,1.21799985,i,3,2.455706631,15.8880536,2.379,-0.076706631,1.079464138
794,794,2382,17.13039127,1.213487644,i,3,2.455706631,15.8880536,2.382,-0.073706631,1.078193195
795,795,2419,16.82245637,1.234321268,i,3,2.455706631,15.8880536,2.419,-0.036706631,1.058811658
796,796,2282,-5,1.226352739,i,3,2.455706631,15.8880536,2.282,-0.173706631,-0.314701859
797,797,2454,16.43493466,1.22099191,i,3,2.455706631,15.8880536,2.454,-0.001706631,1.034420897
798,798,2404,16.96026779,1.228323351,i,3,2.455706631,15.8880536,2.404,-0.051706631,1.06748556
799,799,2352,17.29918295,1.220693323,i,3,2.455706631,15.8880536,2.352,-0.103706631,1.088817006
800,800,2289,-5,1.233740845,i,3,2.455706631,15.8880536,2.289,-0.166706631,-0.314701859
801,801,2440,16.60076042,1.229098294,i,3,2.455706631,15.8880536,2.44,-0.015706631,1.044858032
802,802,2426,16.75223451,1.218598332,i,3,2.455706631,15.8880536,2.426,-0.029706631,1.054391868
803,803,2357,17.27620241,1.21112027,i,3,2.455706631,15.8880536,2.357,-0.098706631,1.087370602
804,804,2482,16.06209784,1.222703059,i,3,2.455706631,15.8880536,2.482,0.026293369,1.010954409
805,805,2496,15.85610645,1.231052856,i,3,2.455706631,15.8880536,2.496,0.040293369,0.997989235
806,806,2503,15.74845599,1.215839197,i,3,2.455706631,15.8880536,2.503,0.047293369,0.991213675
807,807,2310,17.40940623,1.217805939,i,3,2.455706631,15.8880536,2.31,-0.145706631,1.0957545
808,808,2363,17.24588959,1.215565465,i,3,2.455706631,15.8880536,2.363,-0.092706631,1.085462702
809,809,2448,16.50773159,1.218380541,i,3,2.455706631,15.8880536,2.448,-0.007706631,1.039002763
810,810,2489,15.96067722,1.225963603,i,3,2.455706631,15.8880536,2.489,0.033293369,1.004570958
811,811,2266,-5,1.238736859,j,1,2.497921768,14.84109781,2.266,-0.231921768,-0.336902301
812,812,2491,15.93111825,1.24031237,j,1,2.497921768,14.84109781,2.491,-0.006921768,1.073446079
813,813,2345,17.32785653,1.232830977,j,1,2.497921768,14.84109781,2.345,-0.152921768,1.167558947
814,814,2473,16.18775674,1.219249865,j,1,2.497921768,14.84109781,2.473,-0.024921768,1.090738498
815,815,2266,-5,1.222025323,j,1,2.497921768,14.84109781,2.266,-0.231921768,-0.336902301
816,816,2467,16.26850341,1.222842094,j,1,2.497921768,14.84109781,2.467,-0.030921768,1.096179246
817,817,2483,16.04780467,1.234962197,j,1,2.497921768,14.84109781,2.483,-0.014921768,1.081308464
818,818,2093,-5,1.240406678,j,1,2.497921768,14.84109781,2.093,-0.404921768,-0.336902301
819,819,2383,17.12349854,1.2128143,j,1,2.497921768,14.84109781,2.383,-0.114921768,1.153789212
820,820,2281,-5,1.228684171,j,1,2.497921768,14.84109781,2.281,-0.216921768,-0.336902301
821,821,2513,15.58947079,1.224078106,j,1,2.497921768,14.84109781,2.513,0.015078232,1.050425716
822,822,2485,16.01902204,1.215862936,j,1,2.497921768,14.84109781,2.485,-0.012921768,1.079369077
823,823,2469,16.24186012,1.231673003,j,1,2.497921768,14.84109781,2.469,-0.028921768,1.094384009
824,824,2079,-5,1.244735454,j,1,2.497921768,14.84109781,2.079,-0.418921768,-0.336902301
825,825,2346,17.32401092,1.232199002,j,1,2.497921768,14.84109781,2.346,-0.151921768,1.167299828
826,826,2495,15.87123534,1.224865418,j,1,2.497921768,14.84109781,2.495,-0.002921768,1.069411141
827,827,2361,17.25632466,1.212025657,j,1,2.497921768,14.84109781,2.361,-0.136921768,1.162739097
828,828,2511,15.62174854,1.215565465,j,1,2.497921768,14.84109781,2.511,0.013078232,1.052600605
829,829,2262,-5,1.227564702,j,1,2.497921768,14.84109781,2.262,-0.235921768,-0.336902301
830,830,2346,17.32401092,1.233236813,j,1,2.497921768,14.84109781,2.346,-0.151921768,1.167299828
831,831,2518,15.50774397,1.237180094,j,1,2.497921768,14.84109781,2.518,0.020078232,1.044918925
832,832,2415,16.86090562,1.22417528,j,1,2.497921768,14.84109781,2.415,-0.082921768,1.13609558
833,833,2306,17.41212407,1.233079065,j,1,2.497921768,14.84109781,2.306,-0.191921768,1.173236933
834,834,2415,16.86090562,1.234583971,j,1,2.497921768,14.84109781,2.415,-0.082921768,1.13609558
835,835,2388,17.08782612,1.232240632,j,1,2.497921768,14.84109781,2.388,-0.109921768,1.151385587
836,836,2079,-5,1.23132083,j,1,2.497921768,14.84109781,2.079,-0.418921768,-0.336902301
837,837,2323,17.39119912,1.231110476,j,1,2.497921768,14.84109781,2.323,-0.174921768,1.171827
838,838,2344,17.33161844,1.233456835,j,1,2.497921768,14.84109781,2.344,-0.153921768,1.167812426
839,839,2408,16.92522438,1.247918377,j,1,2.497921768,14.84109781,2.408,-0.089921768,1.140429407
840,840,2352,17.29918295,1.223465,j,1,2.497921768,14.84109781,2.352,-0.145921768,1.165626908
841,841,NA,NA,NA,j,2,2.497921768,14.84109781,NA,NA,NA
842,842,2532,15.2712699,1.231904594,j,2,2.497921768,14.84109781,2.532,0.034078232,1.028985193
843,843,2514,15.57324298,1.221299985,j,2,2.497921768,14.84109781,2.514,0.016078232,1.049332278
844,844,2384,17.1165251,1.227772386,j,2,2.497921768,14.84109781,2.384,-0.113921768,1.153319338
845,845,2501,15.77952334,1.234776708,j,2,2.497921768,14.84109781,2.501,0.003078232,1.063231544
846,846,2494,15.88630118,1.234278913,j,2,2.497921768,14.84109781,2.494,-0.003921768,1.070426284
847,847,2419,16.82245637,1.229521018,j,2,2.497921768,14.84109781,2.419,-0.078921768,1.133504852
848,848,2386,17.10233644,1.233691893,j,2,2.497921768,14.84109781,2.386,-0.111921768,1.152363299
849,849,2508,15.66971721,1.22115601,j,2,2.497921768,14.84109781,2.508,0.010078232,1.055832756
850,850,2430,16.71044596,1.227772386,j,2,2.497921768,14.84109781,2.43,-0.067921768,1.125957539
851,851,2387,17.09512144,1.228991155,j,2,2.497921768,14.84109781,2.387,-0.110921768,1.151877149
852,852,2463,16.32096575,1.228399739,j,2,2.497921768,14.84109781,2.463,-0.034921768,1.099714183
853,853,2429,16.72100566,1.207649317,j,2,2.497921768,14.84109781,2.429,-0.068921768,1.126669056
854,854,2221,-5,1.211696601,j,2,2.497921768,14.84109781,2.221,-0.276921768,-0.336902301
855,855,2548,14.98786855,1.196575222,j,2,2.497921768,14.84109781,2.548,0.050078232,1.00988948
856,856,2491,15.93111825,1.22314483,j,2,2.497921768,14.84109781,2.491,-0.006921768,1.073446079
857,857,2329,17.37796955,1.217498057,j,2,2.497921768,14.84109781,2.329,-0.168921768,1.170935585
858,858,2531,15.28852542,1.232364297,j,2,2.497921768,14.84109781,2.531,0.033078232,1.030147878
859,859,2485,16.01902204,1.217516336,j,2,2.497921768,14.84109781,2.485,-0.012921768,1.079369077
860,860,2406,16.94290233,1.205850653,j,2,2.497921768,14.84109781,2.406,-0.091921768,1.141620556
861,861,2525,15.39089206,1.233174089,j,2,2.497921768,14.84109781,2.525,0.027078232,1.03704539
862,862,2478,16.11861164,1.221762096,j,2,2.497921768,14.84109781,2.478,-0.019921768,1.08607947
863,863,2400,16.9940573,1.232062267,j,2,2.497921768,14.84109781,2.4,-0.097921768,1.145067401
864,864,2454,16.43493466,1.235316658,j,2,2.497921768,14.84109781,2.454,-0.043921768,1.10739346
865,865,2502,15.76402046,1.242165147,j,2,2.497921768,14.84109781,2.502,0.004078232,1.062186953
866,866,2498,15.8256603,1.21388439,j,2,2.497921768,14.84109781,2.498,7.82E-05,1.066340274
867,867,2508,15.66971721,1.210813046,j,2,2.497921768,14.84109781,2.508,0.010078232,1.055832756
868,868,2495,15.87123534,1.229180836,j,2,2.497921768,14.84109781,2.495,-0.002921768,1.069411141
869,869,2492,15.91624284,1.223312655,j,2,2.497921768,14.84109781,2.492,-0.005921768,1.072443767
870,870,2435,16.65652853,1.219054768,j,2,2.497921768,14.84109781,2.435,-0.062921768,1.122324557
871,871,2544,15.05998504,1.21923809,j,3,2.497921768,14.84109781,2.544,0.046078232,1.014748722
872,872,2476,16.14647046,1.236918473,j,3,2.497921768,14.84109781,2.476,-0.021921768,1.08795661
873,873,2467,16.26850341,1.228215452,j,3,2.497921768,14.84109781,2.467,-0.030921768,1.096179246
874,874,2520,15.47464491,1.21976544,j,3,2.497921768,14.84109781,2.52,0.022078232,1.042688695
875,875,2471,16.21494406,1.233456835,j,3,2.497921768,14.84109781,2.471,-0.026921768,1.092570393
876,876,2503,15.74845599,1.22536328,j,3,2.497921768,14.84109781,2.503,0.005078232,1.061138212
877,877,2432,16.68910231,1.214427573,j,3,2.497921768,14.84109781,2.432,-0.065921768,1.124519394
878,878,2276,-5,1.210020043,j,3,2.497921768,14.84109781,2.276,-0.221921768,-0.336902301
879,879,2440,16.60076042,1.234583971,j,3,2.497921768,14.84109781,2.44,-0.057921768,1.118566876
880,880,2483,16.04780467,1.23933734,j,3,2.497921768,14.84109781,2.483,-0.014921768,1.081308464
881,881,2094,-5,1.229817373,j,3,2.497921768,14.84109781,2.094,-0.403921768,-0.336902301
882,882,2516,15.54061059,1.216724469,j,3,2.497921768,14.84109781,2.516,0.018078232,1.047133493
883,883,2254,-5,1.21886993,j,3,2.497921768,14.84109781,2.254,-0.243921768,-0.336902301
884,884,2336,17.35869447,1.235018636,j,3,2.497921768,14.84109781,2.336,-0.161921768,1.169636821
885,885,2423,16.78278483,1.22710572,j,3,2.497921768,14.84109781,2.423,-0.074921768,1.130831765
886,886,2264,-5,1.224346178,j,3,2.497921768,14.84109781,2.264,-0.233921768,-0.336902301
887,887,2487,15.98997902,1.232526381,j,3,2.497921768,14.84109781,2.487,-0.010921768,1.077412145
888,888,2498,15.8256603,1.214646392,j,3,2.497921768,14.84109781,2.498,7.82E-05,1.066340274
889,889,2497,15.8409147,1.232830977,j,3,2.497921768,14.84109781,2.497,-0.000921768,1.067368122
890,890,2420,16.81265272,1.233628492,j,3,2.497921768,14.84109781,2.42,-0.077921768,1.132844277
891,891,2487,15.98997902,1.216941635,j,3,2.497921768,14.84109781,2.487,-0.010921768,1.077412145
892,892,2350,17.3077927,1.232830977,j,3,2.497921768,14.84109781,2.35,-0.147921768,1.166207037
893,893,2338,17.35242938,1.217962507,j,3,2.497921768,14.84109781,2.338,-0.159921768,1.169214677
894,894,2417,16.84183434,1.212392225,j,3,2.497921768,14.84109781,2.417,-0.080921768,1.134810548
895,895,2499,15.81034347,1.239786778,j,3,2.497921768,14.84109781,2.499,0.001078232,1.065308219
896,896,2508,15.66971721,1.224510819,j,3,2.497921768,14.84109781,2.508,0.010078232,1.055832756
897,897,2395,17.03451909,1.227772386,j,3,2.497921768,14.84109781,2.395,-0.102921768,1.147793735
898,898,2225,-5,1.205682458,j,3,2.497921768,14.84109781,2.225,-0.272921768,-0.336902301
899,899,2486,16.00453298,1.237430666,j,3,2.497921768,14.84109781,2.486,-0.011921768,1.078392797
900,900,2406,16.94290233,1.22417528,j,3,2.497921768,14.84109781,2.406,-0.091921768,1.141620556
